INSERT INTO Practitioner(PRACTITIONER_ID,gender)
VALUES(1,'MALE');
INSERT INTO Practitioner(PRACTITIONER_ID,gender)
VALUES (2,'FEMALE');
INSERT INTO Practitioner(PRACTITIONER_ID,gender)
VALUES(3,'FEMALE');

INSERT INTO PractitionerName(PRACTITIONER_ID,PRACTITIONER_NAME_ID,family_name,given_name,prefix)
VALUES(1,1,'Bhatia','AA','Dr.');
INSERT INTO PractitionerName(PRACTITIONER_ID,PRACTITIONER_NAME_ID,family_name,given_name,prefix)
VALUES (2,2,'Swamp','Karen','Dr.');
INSERT INTO PractitionerName(PRACTITIONER_ID,PRACTITIONER_NAME_ID,family_name,given_name,prefix)
VALUES(3,3,'Amber','Ripley','Dr.');

INSERT INTO PractitionerIdentifier(PRACTITIONER_IDENTIFIER_ID,IDENTIFIER_VALUE,SYSTEM_ID,PRACTITIONER_ID)
VALUES (1,'G8133438', 5, 1);
INSERT INTO PractitionerIdentifier(PRACTITIONER_IDENTIFIER_ID,IDENTIFIER_VALUE,SYSTEM_ID,PRACTITIONER_ID)
VALUES (2,'G8650149', 5, 2);
INSERT INTO PractitionerIdentifier(PRACTITIONER_IDENTIFIER_ID,IDENTIFIER_VALUE,SYSTEM_ID,PRACTITIONER_ID)
VALUES(3, 'PT1357',5,3);


INSERT INTO PractitionerTelecom(PRACTITIONER_TELECOM_ID,CONTACT_VALUE,TELECOM_USE,SYSTEM_ID,PRACTITIONER_ID)
VALUES (1,'0115 9737320',1, 0, 1);
INSERT INTO PractitionerTelecom(PRACTITIONER_TELECOM_ID,CONTACT_VALUE,TELECOM_USE,SYSTEM_ID,PRACTITIONER_ID)
VALUES (2,'0115 9737320',1, 0, 2);
INSERT INTO PractitionerTelecom(PRACTITIONER_TELECOM_ID,CONTACT_VALUE,TELECOM_USE,SYSTEM_ID,PRACTITIONER_ID)
VALUES(3,'0115 9876543',1, 0, 3);
 
INSERT INTO PractitionerAddress (PRACTITIONER_ADDRESS_ID,ADDRESS_ID,PRACTITIONER_ID)
VALUES(1,2,1);
INSERT INTO PractitionerAddress (PRACTITIONER_ADDRESS_ID,ADDRESS_ID,PRACTITIONER_ID)
VALUES(2,2,2);
INSERT INTO PractitionerAddress (PRACTITIONER_ADDRESS_ID,ADDRESS_ID,PRACTITIONER_ID)
VALUES(3,4,3);

INSERT INTO PractitionerRole (PRACTITIONER_ROLE_ID,MANAGING_ORGANISATION_ID,PRACTITIONER_ID,role) VALUES (1,1,1,491);
INSERT INTO PractitionerRole (PRACTITIONER_ROLE_ID,MANAGING_ORGANISATION_ID,PRACTITIONER_ID,role) VALUES (2,1,2,491);
INSERT INTO PractitionerRole (PRACTITIONER_ROLE_ID,MANAGING_ORGANISATION_ID,PRACTITIONER_ID,role) VALUES (3,2,3,492);