INSERT INTO `CodeSystem` (`CODESYSTEM_ID`,`RES_DELETED`,`RES_CREATED`,`CODE_SYSTEM_URI`,`name`) VALUES (1,NULL,'2017-09-11 10:18:29.643000','http://hl7.org/fhir/v3/MaritalStatus',NULL);
INSERT INTO `CodeSystem` (`CODESYSTEM_ID`,`RES_DELETED`,`RES_CREATED`,`CODE_SYSTEM_URI`,`name`) VALUES (2,NULL,'2017-09-11 10:18:35.018000','https://fhir.hl7.org.uk/CareConnect-EthnicCategory-1',NULL);
INSERT INTO `CodeSystem` (`CODESYSTEM_ID`,`RES_DELETED`,`RES_CREATED`,`CODE_SYSTEM_URI`,`name`) VALUES (3,NULL,'2017-09-11 10:19:11.372000','https://fhir-test.hl7.org.uk/CareConnect-NHSNumberVerificationStatus-1',NULL);


INSERT INTO `ValueSet` (`VALUESET_ID`,`RES_DELETED`,`RES_CREATED`,`description`,`CODESYSTEM_URL`,`name`,`status`,`VALUESET_STRID`,`title`,`url`,`CODESYSTEM_PID`) VALUES (1,NULL,'2017-09-11 10:18:29.682000',' * * * No description supplied * * *  Open Issue: The specific meanings of these codes      can vary somewhat by jurisdiction and implementation so caution should be used when determining      equivalency.',NULL,'v3 Code System MaritalStatus',1,'ValueSet/v3-MaritalStatus',NULL,'http://hl7.org/fhir/ValueSet/v3-MaritalStatus',1);
INSERT INTO `ValueSet` (`VALUESET_ID`,`RES_DELETED`,`RES_CREATED`,`description`,`CODESYSTEM_URL`,`name`,`status`,`VALUESET_STRID`,`title`,`url`,`CODESYSTEM_PID`) VALUES (2,NULL,'2017-09-11 10:18:35.153000','The vocabulary describes the ethnic category which the patient regards as their own, designed to be used with later versions of PDS. It is an extension of the ETHNIC CATEGORY CODE described in the NHS Data Model and Dictionary for England.',NULL,'Care Connect Ethnic Category',1,'ValueSet/CareConnect-EthnicCategory-1',NULL,'https://fhir.hl7.org.uk/ValueSet/CareConnect-EthnicCategory-1',2);
INSERT INTO `ValueSet` (`VALUESET_ID`,`RES_DELETED`,`RES_CREATED`,`description`,`CODESYSTEM_URL`,`name`,`status`,`VALUESET_STRID`,`title`,`url`,`CODESYSTEM_PID`) VALUES (3,NULL,'2017-09-11 10:19:11.423000','NHS number verification status.  This valueset is comprised of codes from NHS Data Dictionary: NHS Number Status Indicator Code.',NULL,'Care Connect NHS Number Verification Status',1,'ValueSet/CareConnect-NHSNumberVerificationStatus-1',NULL,'https://fhir-test.hl7.org.uk/ValueSet/CareConnect-NHSNumberVerificationStatus-1',3);


INSERT INTO `Concept` (`CONCEPT_ID`,`RES_DELETED`,`RES_CREATED`,`RES_MESSAGE_REF`,`RES_UPDATED`,`active`,`CODE`,`effectiveDate`,`DISPLAY`,`INDEX_STATUS`,`CODESYSTEM_ID`,`definitionStatusId`,`moduleId`) VALUES (1,NULL,'2017-09-11 10:18:29.659000',NULL,NULL,NULL,'A',NULL,'Annulled',NULL,1,NULL,NULL);
INSERT INTO `Concept` (`CONCEPT_ID`,`RES_DELETED`,`RES_CREATED`,`RES_MESSAGE_REF`,`RES_UPDATED`,`active`,`CODE`,`effectiveDate`,`DISPLAY`,`INDEX_STATUS`,`CODESYSTEM_ID`,`definitionStatusId`,`moduleId`) VALUES (2,NULL,'2017-09-11 10:18:29.662000',NULL,NULL,NULL,'D',NULL,'Divorced',NULL,1,NULL,NULL);
INSERT INTO `Concept` (`CONCEPT_ID`,`RES_DELETED`,`RES_CREATED`,`RES_MESSAGE_REF`,`RES_UPDATED`,`active`,`CODE`,`effectiveDate`,`DISPLAY`,`INDEX_STATUS`,`CODESYSTEM_ID`,`definitionStatusId`,`moduleId`) VALUES (3,NULL,'2017-09-11 10:18:29.665000',NULL,NULL,NULL,'I',NULL,'Interlocutory',NULL,1,NULL,NULL);
INSERT INTO `Concept` (`CONCEPT_ID`,`RES_DELETED`,`RES_CREATED`,`RES_MESSAGE_REF`,`RES_UPDATED`,`active`,`CODE`,`effectiveDate`,`DISPLAY`,`INDEX_STATUS`,`CODESYSTEM_ID`,`definitionStatusId`,`moduleId`) VALUES (4,NULL,'2017-09-11 10:18:29.667000',NULL,NULL,NULL,'L',NULL,'Legally Separated',NULL,1,NULL,NULL);
INSERT INTO `Concept` (`CONCEPT_ID`,`RES_DELETED`,`RES_CREATED`,`RES_MESSAGE_REF`,`RES_UPDATED`,`active`,`CODE`,`effectiveDate`,`DISPLAY`,`INDEX_STATUS`,`CODESYSTEM_ID`,`definitionStatusId`,`moduleId`) VALUES (5,NULL,'2017-09-11 10:18:29.669000',NULL,NULL,NULL,'M',NULL,'Married',NULL,1,NULL,NULL);
INSERT INTO `Concept` (`CONCEPT_ID`,`RES_DELETED`,`RES_CREATED`,`RES_MESSAGE_REF`,`RES_UPDATED`,`active`,`CODE`,`effectiveDate`,`DISPLAY`,`INDEX_STATUS`,`CODESYSTEM_ID`,`definitionStatusId`,`moduleId`) VALUES (6,NULL,'2017-09-11 10:18:29.671000',NULL,NULL,NULL,'P',NULL,'Polygamous',NULL,1,NULL,NULL);
INSERT INTO `Concept` (`CONCEPT_ID`,`RES_DELETED`,`RES_CREATED`,`RES_MESSAGE_REF`,`RES_UPDATED`,`active`,`CODE`,`effectiveDate`,`DISPLAY`,`INDEX_STATUS`,`CODESYSTEM_ID`,`definitionStatusId`,`moduleId`) VALUES (7,NULL,'2017-09-11 10:18:29.673000',NULL,NULL,NULL,'S',NULL,'Never Married',NULL,1,NULL,NULL);
INSERT INTO `Concept` (`CONCEPT_ID`,`RES_DELETED`,`RES_CREATED`,`RES_MESSAGE_REF`,`RES_UPDATED`,`active`,`CODE`,`effectiveDate`,`DISPLAY`,`INDEX_STATUS`,`CODESYSTEM_ID`,`definitionStatusId`,`moduleId`) VALUES (8,NULL,'2017-09-11 10:18:29.675000',NULL,NULL,NULL,'T',NULL,'Domestic partner',NULL,1,NULL,NULL);
INSERT INTO `Concept` (`CONCEPT_ID`,`RES_DELETED`,`RES_CREATED`,`RES_MESSAGE_REF`,`RES_UPDATED`,`active`,`CODE`,`effectiveDate`,`DISPLAY`,`INDEX_STATUS`,`CODESYSTEM_ID`,`definitionStatusId`,`moduleId`) VALUES (9,NULL,'2017-09-11 10:18:29.677000',NULL,NULL,NULL,'U',NULL,'unmarried',NULL,1,NULL,NULL);
INSERT INTO `Concept` (`CONCEPT_ID`,`RES_DELETED`,`RES_CREATED`,`RES_MESSAGE_REF`,`RES_UPDATED`,`active`,`CODE`,`effectiveDate`,`DISPLAY`,`INDEX_STATUS`,`CODESYSTEM_ID`,`definitionStatusId`,`moduleId`) VALUES (10,NULL,'2017-09-11 10:18:29.680000',NULL,NULL,NULL,'W',NULL,'Widowed',NULL,1,NULL,NULL);

INSERT INTO `Concept` (`CONCEPT_ID`,`RES_DELETED`,`RES_CREATED`,`RES_MESSAGE_REF`,`RES_UPDATED`,`active`,`CODE`,`effectiveDate`,`DISPLAY`,`INDEX_STATUS`,`CODESYSTEM_ID`,`definitionStatusId`,`moduleId`) VALUES (11,NULL,'2017-09-11 10:18:35.020000',NULL,NULL,NULL,'A',NULL,'British, Mixed British',NULL,2,NULL,NULL);
INSERT INTO `Concept` (`CONCEPT_ID`,`RES_DELETED`,`RES_CREATED`,`RES_MESSAGE_REF`,`RES_UPDATED`,`active`,`CODE`,`effectiveDate`,`DISPLAY`,`INDEX_STATUS`,`CODESYSTEM_ID`,`definitionStatusId`,`moduleId`) VALUES (12,NULL,'2017-09-11 10:18:35.022000',NULL,NULL,NULL,'B',NULL,'Irish',NULL,2,NULL,NULL);
INSERT INTO `Concept` (`CONCEPT_ID`,`RES_DELETED`,`RES_CREATED`,`RES_MESSAGE_REF`,`RES_UPDATED`,`active`,`CODE`,`effectiveDate`,`DISPLAY`,`INDEX_STATUS`,`CODESYSTEM_ID`,`definitionStatusId`,`moduleId`) VALUES (13,NULL,'2017-09-11 10:18:35.025000',NULL,NULL,NULL,'C',NULL,'Any other White background',NULL,2,NULL,NULL);
INSERT INTO `Concept` (`CONCEPT_ID`,`RES_DELETED`,`RES_CREATED`,`RES_MESSAGE_REF`,`RES_UPDATED`,`active`,`CODE`,`effectiveDate`,`DISPLAY`,`INDEX_STATUS`,`CODESYSTEM_ID`,`definitionStatusId`,`moduleId`) VALUES (14,NULL,'2017-09-11 10:18:35.029000',NULL,NULL,NULL,'C2',NULL,'Northern Irish',NULL,2,NULL,NULL);
INSERT INTO `Concept` (`CONCEPT_ID`,`RES_DELETED`,`RES_CREATED`,`RES_MESSAGE_REF`,`RES_UPDATED`,`active`,`CODE`,`effectiveDate`,`DISPLAY`,`INDEX_STATUS`,`CODESYSTEM_ID`,`definitionStatusId`,`moduleId`) VALUES (15,NULL,'2017-09-11 10:18:35.032000',NULL,NULL,NULL,'C3',NULL,'Other white, white unspecified',NULL,2,NULL,NULL);
INSERT INTO `Concept` (`CONCEPT_ID`,`RES_DELETED`,`RES_CREATED`,`RES_MESSAGE_REF`,`RES_UPDATED`,`active`,`CODE`,`effectiveDate`,`DISPLAY`,`INDEX_STATUS`,`CODESYSTEM_ID`,`definitionStatusId`,`moduleId`) VALUES (16,NULL,'2017-09-11 10:18:35.035000',NULL,NULL,NULL,'CA',NULL,'English',NULL,2,NULL,NULL);
INSERT INTO `Concept` (`CONCEPT_ID`,`RES_DELETED`,`RES_CREATED`,`RES_MESSAGE_REF`,`RES_UPDATED`,`active`,`CODE`,`effectiveDate`,`DISPLAY`,`INDEX_STATUS`,`CODESYSTEM_ID`,`definitionStatusId`,`moduleId`) VALUES (17,NULL,'2017-09-11 10:18:35.037000',NULL,NULL,NULL,'CB',NULL,'Scottish',NULL,2,NULL,NULL);
INSERT INTO `Concept` (`CONCEPT_ID`,`RES_DELETED`,`RES_CREATED`,`RES_MESSAGE_REF`,`RES_UPDATED`,`active`,`CODE`,`effectiveDate`,`DISPLAY`,`INDEX_STATUS`,`CODESYSTEM_ID`,`definitionStatusId`,`moduleId`) VALUES (18,NULL,'2017-09-11 10:18:35.048000',NULL,NULL,NULL,'CC',NULL,'Welsh',NULL,2,NULL,NULL);
INSERT INTO `Concept` (`CONCEPT_ID`,`RES_DELETED`,`RES_CREATED`,`RES_MESSAGE_REF`,`RES_UPDATED`,`active`,`CODE`,`effectiveDate`,`DISPLAY`,`INDEX_STATUS`,`CODESYSTEM_ID`,`definitionStatusId`,`moduleId`) VALUES (19,NULL,'2017-09-11 10:18:35.051000',NULL,NULL,NULL,'CD',NULL,'Cornish',NULL,2,NULL,NULL);
INSERT INTO `Concept` (`CONCEPT_ID`,`RES_DELETED`,`RES_CREATED`,`RES_MESSAGE_REF`,`RES_UPDATED`,`active`,`CODE`,`effectiveDate`,`DISPLAY`,`INDEX_STATUS`,`CODESYSTEM_ID`,`definitionStatusId`,`moduleId`) VALUES (20,NULL,'2017-09-11 10:18:35.053000',NULL,NULL,NULL,'CE',NULL,'Cypriot (part not stated)',NULL,2,NULL,NULL);
INSERT INTO `Concept` (`CONCEPT_ID`,`RES_DELETED`,`RES_CREATED`,`RES_MESSAGE_REF`,`RES_UPDATED`,`active`,`CODE`,`effectiveDate`,`DISPLAY`,`INDEX_STATUS`,`CODESYSTEM_ID`,`definitionStatusId`,`moduleId`) VALUES (21,NULL,'2017-09-11 10:18:35.055000',NULL,NULL,NULL,'CF',NULL,'Greek',NULL,2,NULL,NULL);
INSERT INTO `Concept` (`CONCEPT_ID`,`RES_DELETED`,`RES_CREATED`,`RES_MESSAGE_REF`,`RES_UPDATED`,`active`,`CODE`,`effectiveDate`,`DISPLAY`,`INDEX_STATUS`,`CODESYSTEM_ID`,`definitionStatusId`,`moduleId`) VALUES (22,NULL,'2017-09-11 10:18:35.059000',NULL,NULL,NULL,'CG',NULL,'Greek Cypriot',NULL,2,NULL,NULL);
INSERT INTO `Concept` (`CONCEPT_ID`,`RES_DELETED`,`RES_CREATED`,`RES_MESSAGE_REF`,`RES_UPDATED`,`active`,`CODE`,`effectiveDate`,`DISPLAY`,`INDEX_STATUS`,`CODESYSTEM_ID`,`definitionStatusId`,`moduleId`) VALUES (23,NULL,'2017-09-11 10:18:35.061000',NULL,NULL,NULL,'CH',NULL,'Turkish',NULL,2,NULL,NULL);
INSERT INTO `Concept` (`CONCEPT_ID`,`RES_DELETED`,`RES_CREATED`,`RES_MESSAGE_REF`,`RES_UPDATED`,`active`,`CODE`,`effectiveDate`,`DISPLAY`,`INDEX_STATUS`,`CODESYSTEM_ID`,`definitionStatusId`,`moduleId`) VALUES (24,NULL,'2017-09-11 10:18:35.063000',NULL,NULL,NULL,'CJ',NULL,'Turkish Cypriot',NULL,2,NULL,NULL);
INSERT INTO `Concept` (`CONCEPT_ID`,`RES_DELETED`,`RES_CREATED`,`RES_MESSAGE_REF`,`RES_UPDATED`,`active`,`CODE`,`effectiveDate`,`DISPLAY`,`INDEX_STATUS`,`CODESYSTEM_ID`,`definitionStatusId`,`moduleId`) VALUES (25,NULL,'2017-09-11 10:18:35.065000',NULL,NULL,NULL,'CK',NULL,'Italian',NULL,2,NULL,NULL);
INSERT INTO `Concept` (`CONCEPT_ID`,`RES_DELETED`,`RES_CREATED`,`RES_MESSAGE_REF`,`RES_UPDATED`,`active`,`CODE`,`effectiveDate`,`DISPLAY`,`INDEX_STATUS`,`CODESYSTEM_ID`,`definitionStatusId`,`moduleId`) VALUES (26,NULL,'2017-09-11 10:18:35.067000',NULL,NULL,NULL,'CL',NULL,'Irish Traveller',NULL,2,NULL,NULL);
INSERT INTO `Concept` (`CONCEPT_ID`,`RES_DELETED`,`RES_CREATED`,`RES_MESSAGE_REF`,`RES_UPDATED`,`active`,`CODE`,`effectiveDate`,`DISPLAY`,`INDEX_STATUS`,`CODESYSTEM_ID`,`definitionStatusId`,`moduleId`) VALUES (27,NULL,'2017-09-11 10:18:35.069000',NULL,NULL,NULL,'CM',NULL,'Traveller',NULL,2,NULL,NULL);
INSERT INTO `Concept` (`CONCEPT_ID`,`RES_DELETED`,`RES_CREATED`,`RES_MESSAGE_REF`,`RES_UPDATED`,`active`,`CODE`,`effectiveDate`,`DISPLAY`,`INDEX_STATUS`,`CODESYSTEM_ID`,`definitionStatusId`,`moduleId`) VALUES (28,NULL,'2017-09-11 10:18:35.071000',NULL,NULL,NULL,'CN',NULL,'Gypsy/Romany',NULL,2,NULL,NULL);
INSERT INTO `Concept` (`CONCEPT_ID`,`RES_DELETED`,`RES_CREATED`,`RES_MESSAGE_REF`,`RES_UPDATED`,`active`,`CODE`,`effectiveDate`,`DISPLAY`,`INDEX_STATUS`,`CODESYSTEM_ID`,`definitionStatusId`,`moduleId`) VALUES (29,NULL,'2017-09-11 10:18:35.073000',NULL,NULL,NULL,'CP',NULL,'Polish',NULL,2,NULL,NULL);
INSERT INTO `Concept` (`CONCEPT_ID`,`RES_DELETED`,`RES_CREATED`,`RES_MESSAGE_REF`,`RES_UPDATED`,`active`,`CODE`,`effectiveDate`,`DISPLAY`,`INDEX_STATUS`,`CODESYSTEM_ID`,`definitionStatusId`,`moduleId`) VALUES (30,NULL,'2017-09-11 10:18:35.075000',NULL,NULL,NULL,'CQ',NULL,'All republics which made up the former USSR',NULL,2,NULL,NULL);
INSERT INTO `Concept` (`CONCEPT_ID`,`RES_DELETED`,`RES_CREATED`,`RES_MESSAGE_REF`,`RES_UPDATED`,`active`,`CODE`,`effectiveDate`,`DISPLAY`,`INDEX_STATUS`,`CODESYSTEM_ID`,`definitionStatusId`,`moduleId`) VALUES (31,NULL,'2017-09-11 10:18:35.076000',NULL,NULL,NULL,'CR',NULL,'Kosovan',NULL,2,NULL,NULL);
INSERT INTO `Concept` (`CONCEPT_ID`,`RES_DELETED`,`RES_CREATED`,`RES_MESSAGE_REF`,`RES_UPDATED`,`active`,`CODE`,`effectiveDate`,`DISPLAY`,`INDEX_STATUS`,`CODESYSTEM_ID`,`definitionStatusId`,`moduleId`) VALUES (32,NULL,'2017-09-11 10:18:35.077000',NULL,NULL,NULL,'CS',NULL,'Albanian',NULL,2,NULL,NULL);
INSERT INTO `Concept` (`CONCEPT_ID`,`RES_DELETED`,`RES_CREATED`,`RES_MESSAGE_REF`,`RES_UPDATED`,`active`,`CODE`,`effectiveDate`,`DISPLAY`,`INDEX_STATUS`,`CODESYSTEM_ID`,`definitionStatusId`,`moduleId`) VALUES (33,NULL,'2017-09-11 10:18:35.079000',NULL,NULL,NULL,'CT',NULL,'Bosnian',NULL,2,NULL,NULL);
INSERT INTO `Concept` (`CONCEPT_ID`,`RES_DELETED`,`RES_CREATED`,`RES_MESSAGE_REF`,`RES_UPDATED`,`active`,`CODE`,`effectiveDate`,`DISPLAY`,`INDEX_STATUS`,`CODESYSTEM_ID`,`definitionStatusId`,`moduleId`) VALUES (34,NULL,'2017-09-11 10:18:35.081000',NULL,NULL,NULL,'CU',NULL,'Croatian',NULL,2,NULL,NULL);
INSERT INTO `Concept` (`CONCEPT_ID`,`RES_DELETED`,`RES_CREATED`,`RES_MESSAGE_REF`,`RES_UPDATED`,`active`,`CODE`,`effectiveDate`,`DISPLAY`,`INDEX_STATUS`,`CODESYSTEM_ID`,`definitionStatusId`,`moduleId`) VALUES (35,NULL,'2017-09-11 10:18:35.083000',NULL,NULL,NULL,'CV',NULL,'Serbian',NULL,2,NULL,NULL);
INSERT INTO `Concept` (`CONCEPT_ID`,`RES_DELETED`,`RES_CREATED`,`RES_MESSAGE_REF`,`RES_UPDATED`,`active`,`CODE`,`effectiveDate`,`DISPLAY`,`INDEX_STATUS`,`CODESYSTEM_ID`,`definitionStatusId`,`moduleId`) VALUES (36,NULL,'2017-09-11 10:18:35.084000',NULL,NULL,NULL,'CW',NULL,'Other republics which made up the former Yugoslavia',NULL,2,NULL,NULL);
INSERT INTO `Concept` (`CONCEPT_ID`,`RES_DELETED`,`RES_CREATED`,`RES_MESSAGE_REF`,`RES_UPDATED`,`active`,`CODE`,`effectiveDate`,`DISPLAY`,`INDEX_STATUS`,`CODESYSTEM_ID`,`definitionStatusId`,`moduleId`) VALUES (37,NULL,'2017-09-11 10:18:35.086000',NULL,NULL,NULL,'CX',NULL,'Mixed white',NULL,2,NULL,NULL);
INSERT INTO `Concept` (`CONCEPT_ID`,`RES_DELETED`,`RES_CREATED`,`RES_MESSAGE_REF`,`RES_UPDATED`,`active`,`CODE`,`effectiveDate`,`DISPLAY`,`INDEX_STATUS`,`CODESYSTEM_ID`,`definitionStatusId`,`moduleId`) VALUES (38,NULL,'2017-09-11 10:18:35.087000',NULL,NULL,NULL,'CY',NULL,'Other white European, European unspecified, European mixed',NULL,2,NULL,NULL);
INSERT INTO `Concept` (`CONCEPT_ID`,`RES_DELETED`,`RES_CREATED`,`RES_MESSAGE_REF`,`RES_UPDATED`,`active`,`CODE`,`effectiveDate`,`DISPLAY`,`INDEX_STATUS`,`CODESYSTEM_ID`,`definitionStatusId`,`moduleId`) VALUES (39,NULL,'2017-09-11 10:18:35.089000',NULL,NULL,NULL,'D',NULL,'White and Black Caribbean',NULL,2,NULL,NULL);
INSERT INTO `Concept` (`CONCEPT_ID`,`RES_DELETED`,`RES_CREATED`,`RES_MESSAGE_REF`,`RES_UPDATED`,`active`,`CODE`,`effectiveDate`,`DISPLAY`,`INDEX_STATUS`,`CODESYSTEM_ID`,`definitionStatusId`,`moduleId`) VALUES (40,NULL,'2017-09-11 10:18:35.091000',NULL,NULL,NULL,'E',NULL,'White and Black African',NULL,2,NULL,NULL);
INSERT INTO `Concept` (`CONCEPT_ID`,`RES_DELETED`,`RES_CREATED`,`RES_MESSAGE_REF`,`RES_UPDATED`,`active`,`CODE`,`effectiveDate`,`DISPLAY`,`INDEX_STATUS`,`CODESYSTEM_ID`,`definitionStatusId`,`moduleId`) VALUES (41,NULL,'2017-09-11 10:18:35.093000',NULL,NULL,NULL,'F',NULL,'White and Asian',NULL,2,NULL,NULL);
INSERT INTO `Concept` (`CONCEPT_ID`,`RES_DELETED`,`RES_CREATED`,`RES_MESSAGE_REF`,`RES_UPDATED`,`active`,`CODE`,`effectiveDate`,`DISPLAY`,`INDEX_STATUS`,`CODESYSTEM_ID`,`definitionStatusId`,`moduleId`) VALUES (42,NULL,'2017-09-11 10:18:35.094000',NULL,NULL,NULL,'G',NULL,'Any other mixed background',NULL,2,NULL,NULL);
INSERT INTO `Concept` (`CONCEPT_ID`,`RES_DELETED`,`RES_CREATED`,`RES_MESSAGE_REF`,`RES_UPDATED`,`active`,`CODE`,`effectiveDate`,`DISPLAY`,`INDEX_STATUS`,`CODESYSTEM_ID`,`definitionStatusId`,`moduleId`) VALUES (43,NULL,'2017-09-11 10:18:35.096000',NULL,NULL,NULL,'GA',NULL,'Black and Asian',NULL,2,NULL,NULL);
INSERT INTO `Concept` (`CONCEPT_ID`,`RES_DELETED`,`RES_CREATED`,`RES_MESSAGE_REF`,`RES_UPDATED`,`active`,`CODE`,`effectiveDate`,`DISPLAY`,`INDEX_STATUS`,`CODESYSTEM_ID`,`definitionStatusId`,`moduleId`) VALUES (44,NULL,'2017-09-11 10:18:35.098000',NULL,NULL,NULL,'GB',NULL,'Black and Chinese',NULL,2,NULL,NULL);
INSERT INTO `Concept` (`CONCEPT_ID`,`RES_DELETED`,`RES_CREATED`,`RES_MESSAGE_REF`,`RES_UPDATED`,`active`,`CODE`,`effectiveDate`,`DISPLAY`,`INDEX_STATUS`,`CODESYSTEM_ID`,`definitionStatusId`,`moduleId`) VALUES (45,NULL,'2017-09-11 10:18:35.099000',NULL,NULL,NULL,'GC',NULL,'Black and White',NULL,2,NULL,NULL);
INSERT INTO `Concept` (`CONCEPT_ID`,`RES_DELETED`,`RES_CREATED`,`RES_MESSAGE_REF`,`RES_UPDATED`,`active`,`CODE`,`effectiveDate`,`DISPLAY`,`INDEX_STATUS`,`CODESYSTEM_ID`,`definitionStatusId`,`moduleId`) VALUES (46,NULL,'2017-09-11 10:18:35.100000',NULL,NULL,NULL,'GD',NULL,'Chinese and White',NULL,2,NULL,NULL);
INSERT INTO `Concept` (`CONCEPT_ID`,`RES_DELETED`,`RES_CREATED`,`RES_MESSAGE_REF`,`RES_UPDATED`,`active`,`CODE`,`effectiveDate`,`DISPLAY`,`INDEX_STATUS`,`CODESYSTEM_ID`,`definitionStatusId`,`moduleId`) VALUES (47,NULL,'2017-09-11 10:18:35.102000',NULL,NULL,NULL,'GE',NULL,'Asian and Chinese',NULL,2,NULL,NULL);
INSERT INTO `Concept` (`CONCEPT_ID`,`RES_DELETED`,`RES_CREATED`,`RES_MESSAGE_REF`,`RES_UPDATED`,`active`,`CODE`,`effectiveDate`,`DISPLAY`,`INDEX_STATUS`,`CODESYSTEM_ID`,`definitionStatusId`,`moduleId`) VALUES (48,NULL,'2017-09-11 10:18:35.103000',NULL,NULL,NULL,'GF',NULL,'Other Mixed, Mixed Unspecified',NULL,2,NULL,NULL);
INSERT INTO `Concept` (`CONCEPT_ID`,`RES_DELETED`,`RES_CREATED`,`RES_MESSAGE_REF`,`RES_UPDATED`,`active`,`CODE`,`effectiveDate`,`DISPLAY`,`INDEX_STATUS`,`CODESYSTEM_ID`,`definitionStatusId`,`moduleId`) VALUES (49,NULL,'2017-09-11 10:18:35.105000',NULL,NULL,NULL,'H',NULL,'Indian or British Indian',NULL,2,NULL,NULL);
INSERT INTO `Concept` (`CONCEPT_ID`,`RES_DELETED`,`RES_CREATED`,`RES_MESSAGE_REF`,`RES_UPDATED`,`active`,`CODE`,`effectiveDate`,`DISPLAY`,`INDEX_STATUS`,`CODESYSTEM_ID`,`definitionStatusId`,`moduleId`) VALUES (50,NULL,'2017-09-11 10:18:35.107000',NULL,NULL,NULL,'J',NULL,'Pakistani or British Pakistani',NULL,2,NULL,NULL);
INSERT INTO `Concept` (`CONCEPT_ID`,`RES_DELETED`,`RES_CREATED`,`RES_MESSAGE_REF`,`RES_UPDATED`,`active`,`CODE`,`effectiveDate`,`DISPLAY`,`INDEX_STATUS`,`CODESYSTEM_ID`,`definitionStatusId`,`moduleId`) VALUES (51,NULL,'2017-09-11 10:18:35.108000',NULL,NULL,NULL,'K',NULL,'Bangladeshi or British Bangladeshi',NULL,2,NULL,NULL);
INSERT INTO `Concept` (`CONCEPT_ID`,`RES_DELETED`,`RES_CREATED`,`RES_MESSAGE_REF`,`RES_UPDATED`,`active`,`CODE`,`effectiveDate`,`DISPLAY`,`INDEX_STATUS`,`CODESYSTEM_ID`,`definitionStatusId`,`moduleId`) VALUES (52,NULL,'2017-09-11 10:18:35.110000',NULL,NULL,NULL,'L',NULL,'Any other Asian background',NULL,2,NULL,NULL);
INSERT INTO `Concept` (`CONCEPT_ID`,`RES_DELETED`,`RES_CREATED`,`RES_MESSAGE_REF`,`RES_UPDATED`,`active`,`CODE`,`effectiveDate`,`DISPLAY`,`INDEX_STATUS`,`CODESYSTEM_ID`,`definitionStatusId`,`moduleId`) VALUES (53,NULL,'2017-09-11 10:18:35.111000',NULL,NULL,NULL,'LA',NULL,'Mixed Asian',NULL,2,NULL,NULL);
INSERT INTO `Concept` (`CONCEPT_ID`,`RES_DELETED`,`RES_CREATED`,`RES_MESSAGE_REF`,`RES_UPDATED`,`active`,`CODE`,`effectiveDate`,`DISPLAY`,`INDEX_STATUS`,`CODESYSTEM_ID`,`definitionStatusId`,`moduleId`) VALUES (54,NULL,'2017-09-11 10:18:35.113000',NULL,NULL,NULL,'LB',NULL,'Punjabi',NULL,2,NULL,NULL);
INSERT INTO `Concept` (`CONCEPT_ID`,`RES_DELETED`,`RES_CREATED`,`RES_MESSAGE_REF`,`RES_UPDATED`,`active`,`CODE`,`effectiveDate`,`DISPLAY`,`INDEX_STATUS`,`CODESYSTEM_ID`,`definitionStatusId`,`moduleId`) VALUES (55,NULL,'2017-09-11 10:18:35.114000',NULL,NULL,NULL,'LC',NULL,'Kashmiri',NULL,2,NULL,NULL);
INSERT INTO `Concept` (`CONCEPT_ID`,`RES_DELETED`,`RES_CREATED`,`RES_MESSAGE_REF`,`RES_UPDATED`,`active`,`CODE`,`effectiveDate`,`DISPLAY`,`INDEX_STATUS`,`CODESYSTEM_ID`,`definitionStatusId`,`moduleId`) VALUES (56,NULL,'2017-09-11 10:18:35.116000',NULL,NULL,NULL,'LD',NULL,'East African Asian',NULL,2,NULL,NULL);
INSERT INTO `Concept` (`CONCEPT_ID`,`RES_DELETED`,`RES_CREATED`,`RES_MESSAGE_REF`,`RES_UPDATED`,`active`,`CODE`,`effectiveDate`,`DISPLAY`,`INDEX_STATUS`,`CODESYSTEM_ID`,`definitionStatusId`,`moduleId`) VALUES (57,NULL,'2017-09-11 10:18:35.118000',NULL,NULL,NULL,'LE',NULL,'Sri Lanka',NULL,2,NULL,NULL);
INSERT INTO `Concept` (`CONCEPT_ID`,`RES_DELETED`,`RES_CREATED`,`RES_MESSAGE_REF`,`RES_UPDATED`,`active`,`CODE`,`effectiveDate`,`DISPLAY`,`INDEX_STATUS`,`CODESYSTEM_ID`,`definitionStatusId`,`moduleId`) VALUES (58,NULL,'2017-09-11 10:18:35.119000',NULL,NULL,NULL,'LF',NULL,'Tamil',NULL,2,NULL,NULL);
INSERT INTO `Concept` (`CONCEPT_ID`,`RES_DELETED`,`RES_CREATED`,`RES_MESSAGE_REF`,`RES_UPDATED`,`active`,`CODE`,`effectiveDate`,`DISPLAY`,`INDEX_STATUS`,`CODESYSTEM_ID`,`definitionStatusId`,`moduleId`) VALUES (59,NULL,'2017-09-11 10:18:35.120000',NULL,NULL,NULL,'LG',NULL,'Sinhalese',NULL,2,NULL,NULL);
INSERT INTO `Concept` (`CONCEPT_ID`,`RES_DELETED`,`RES_CREATED`,`RES_MESSAGE_REF`,`RES_UPDATED`,`active`,`CODE`,`effectiveDate`,`DISPLAY`,`INDEX_STATUS`,`CODESYSTEM_ID`,`definitionStatusId`,`moduleId`) VALUES (60,NULL,'2017-09-11 10:18:35.122000',NULL,NULL,NULL,'LH',NULL,'British Asian',NULL,2,NULL,NULL);
INSERT INTO `Concept` (`CONCEPT_ID`,`RES_DELETED`,`RES_CREATED`,`RES_MESSAGE_REF`,`RES_UPDATED`,`active`,`CODE`,`effectiveDate`,`DISPLAY`,`INDEX_STATUS`,`CODESYSTEM_ID`,`definitionStatusId`,`moduleId`) VALUES (61,NULL,'2017-09-11 10:18:35.123000',NULL,NULL,NULL,'LJ',NULL,'Caribbean Asian',NULL,2,NULL,NULL);
INSERT INTO `Concept` (`CONCEPT_ID`,`RES_DELETED`,`RES_CREATED`,`RES_MESSAGE_REF`,`RES_UPDATED`,`active`,`CODE`,`effectiveDate`,`DISPLAY`,`INDEX_STATUS`,`CODESYSTEM_ID`,`definitionStatusId`,`moduleId`) VALUES (62,NULL,'2017-09-11 10:18:35.125000',NULL,NULL,NULL,'LK',NULL,'Other Asian, Asian unspecified',NULL,2,NULL,NULL);
INSERT INTO `Concept` (`CONCEPT_ID`,`RES_DELETED`,`RES_CREATED`,`RES_MESSAGE_REF`,`RES_UPDATED`,`active`,`CODE`,`effectiveDate`,`DISPLAY`,`INDEX_STATUS`,`CODESYSTEM_ID`,`definitionStatusId`,`moduleId`) VALUES (63,NULL,'2017-09-11 10:18:35.126000',NULL,NULL,NULL,'M',NULL,'Caribbean',NULL,2,NULL,NULL);
INSERT INTO `Concept` (`CONCEPT_ID`,`RES_DELETED`,`RES_CREATED`,`RES_MESSAGE_REF`,`RES_UPDATED`,`active`,`CODE`,`effectiveDate`,`DISPLAY`,`INDEX_STATUS`,`CODESYSTEM_ID`,`definitionStatusId`,`moduleId`) VALUES (64,NULL,'2017-09-11 10:18:35.128000',NULL,NULL,NULL,'N',NULL,'African',NULL,2,NULL,NULL);
INSERT INTO `Concept` (`CONCEPT_ID`,`RES_DELETED`,`RES_CREATED`,`RES_MESSAGE_REF`,`RES_UPDATED`,`active`,`CODE`,`effectiveDate`,`DISPLAY`,`INDEX_STATUS`,`CODESYSTEM_ID`,`definitionStatusId`,`moduleId`) VALUES (65,NULL,'2017-09-11 10:18:35.129000',NULL,NULL,NULL,'P',NULL,'Any other Black background',NULL,2,NULL,NULL);
INSERT INTO `Concept` (`CONCEPT_ID`,`RES_DELETED`,`RES_CREATED`,`RES_MESSAGE_REF`,`RES_UPDATED`,`active`,`CODE`,`effectiveDate`,`DISPLAY`,`INDEX_STATUS`,`CODESYSTEM_ID`,`definitionStatusId`,`moduleId`) VALUES (66,NULL,'2017-09-11 10:18:35.131000',NULL,NULL,NULL,'PA',NULL,'Somali',NULL,2,NULL,NULL);
INSERT INTO `Concept` (`CONCEPT_ID`,`RES_DELETED`,`RES_CREATED`,`RES_MESSAGE_REF`,`RES_UPDATED`,`active`,`CODE`,`effectiveDate`,`DISPLAY`,`INDEX_STATUS`,`CODESYSTEM_ID`,`definitionStatusId`,`moduleId`) VALUES (67,NULL,'2017-09-11 10:18:35.133000',NULL,NULL,NULL,'PB',NULL,'Mixed Black',NULL,2,NULL,NULL);
INSERT INTO `Concept` (`CONCEPT_ID`,`RES_DELETED`,`RES_CREATED`,`RES_MESSAGE_REF`,`RES_UPDATED`,`active`,`CODE`,`effectiveDate`,`DISPLAY`,`INDEX_STATUS`,`CODESYSTEM_ID`,`definitionStatusId`,`moduleId`) VALUES (68,NULL,'2017-09-11 10:18:35.135000',NULL,NULL,NULL,'PC',NULL,'Nigerian',NULL,2,NULL,NULL);
INSERT INTO `Concept` (`CONCEPT_ID`,`RES_DELETED`,`RES_CREATED`,`RES_MESSAGE_REF`,`RES_UPDATED`,`active`,`CODE`,`effectiveDate`,`DISPLAY`,`INDEX_STATUS`,`CODESYSTEM_ID`,`definitionStatusId`,`moduleId`) VALUES (69,NULL,'2017-09-11 10:18:35.137000',NULL,NULL,NULL,'PD',NULL,'Black British',NULL,2,NULL,NULL);
INSERT INTO `Concept` (`CONCEPT_ID`,`RES_DELETED`,`RES_CREATED`,`RES_MESSAGE_REF`,`RES_UPDATED`,`active`,`CODE`,`effectiveDate`,`DISPLAY`,`INDEX_STATUS`,`CODESYSTEM_ID`,`definitionStatusId`,`moduleId`) VALUES (70,NULL,'2017-09-11 10:18:35.138000',NULL,NULL,NULL,'PE',NULL,'Other Black, Black unspecified',NULL,2,NULL,NULL);
INSERT INTO `Concept` (`CONCEPT_ID`,`RES_DELETED`,`RES_CREATED`,`RES_MESSAGE_REF`,`RES_UPDATED`,`active`,`CODE`,`effectiveDate`,`DISPLAY`,`INDEX_STATUS`,`CODESYSTEM_ID`,`definitionStatusId`,`moduleId`) VALUES (71,NULL,'2017-09-11 10:18:35.140000',NULL,NULL,NULL,'R',NULL,'Chinese',NULL,2,NULL,NULL);
INSERT INTO `Concept` (`CONCEPT_ID`,`RES_DELETED`,`RES_CREATED`,`RES_MESSAGE_REF`,`RES_UPDATED`,`active`,`CODE`,`effectiveDate`,`DISPLAY`,`INDEX_STATUS`,`CODESYSTEM_ID`,`definitionStatusId`,`moduleId`) VALUES (72,NULL,'2017-09-11 10:18:35.142000',NULL,NULL,NULL,'S',NULL,'Any other ethnic group',NULL,2,NULL,NULL);
INSERT INTO `Concept` (`CONCEPT_ID`,`RES_DELETED`,`RES_CREATED`,`RES_MESSAGE_REF`,`RES_UPDATED`,`active`,`CODE`,`effectiveDate`,`DISPLAY`,`INDEX_STATUS`,`CODESYSTEM_ID`,`definitionStatusId`,`moduleId`) VALUES (73,NULL,'2017-09-11 10:18:35.143000',NULL,NULL,NULL,'SA',NULL,'Vietnamese',NULL,2,NULL,NULL);
INSERT INTO `Concept` (`CONCEPT_ID`,`RES_DELETED`,`RES_CREATED`,`RES_MESSAGE_REF`,`RES_UPDATED`,`active`,`CODE`,`effectiveDate`,`DISPLAY`,`INDEX_STATUS`,`CODESYSTEM_ID`,`definitionStatusId`,`moduleId`) VALUES (74,NULL,'2017-09-11 10:18:35.145000',NULL,NULL,NULL,'SB',NULL,'Japanese',NULL,2,NULL,NULL);
INSERT INTO `Concept` (`CONCEPT_ID`,`RES_DELETED`,`RES_CREATED`,`RES_MESSAGE_REF`,`RES_UPDATED`,`active`,`CODE`,`effectiveDate`,`DISPLAY`,`INDEX_STATUS`,`CODESYSTEM_ID`,`definitionStatusId`,`moduleId`) VALUES (75,NULL,'2017-09-11 10:18:35.147000',NULL,NULL,NULL,'SC',NULL,'Filipino',NULL,2,NULL,NULL);
INSERT INTO `Concept` (`CONCEPT_ID`,`RES_DELETED`,`RES_CREATED`,`RES_MESSAGE_REF`,`RES_UPDATED`,`active`,`CODE`,`effectiveDate`,`DISPLAY`,`INDEX_STATUS`,`CODESYSTEM_ID`,`definitionStatusId`,`moduleId`) VALUES (76,NULL,'2017-09-11 10:18:35.148000',NULL,NULL,NULL,'SD',NULL,'Malaysian',NULL,2,NULL,NULL);
INSERT INTO `Concept` (`CONCEPT_ID`,`RES_DELETED`,`RES_CREATED`,`RES_MESSAGE_REF`,`RES_UPDATED`,`active`,`CODE`,`effectiveDate`,`DISPLAY`,`INDEX_STATUS`,`CODESYSTEM_ID`,`definitionStatusId`,`moduleId`) VALUES (77,NULL,'2017-09-11 10:18:35.150000',NULL,NULL,NULL,'SE',NULL,'Any Other Group',NULL,2,NULL,NULL);
INSERT INTO `Concept` (`CONCEPT_ID`,`RES_DELETED`,`RES_CREATED`,`RES_MESSAGE_REF`,`RES_UPDATED`,`active`,`CODE`,`effectiveDate`,`DISPLAY`,`INDEX_STATUS`,`CODESYSTEM_ID`,`definitionStatusId`,`moduleId`) VALUES (78,NULL,'2017-09-11 10:18:35.151000',NULL,NULL,NULL,'Z',NULL,'Not stated',NULL,2,NULL,NULL);


INSERT INTO `Concept` (`CONCEPT_ID`,`RES_DELETED`,`RES_CREATED`,`RES_MESSAGE_REF`,`RES_UPDATED`,`active`,`CODE`,`effectiveDate`,`DISPLAY`,`INDEX_STATUS`,`CODESYSTEM_ID`,`definitionStatusId`,`moduleId`) VALUES (79,NULL,'2017-09-11 10:19:11.397000',NULL,NULL,NULL,'01',NULL,'Number present and verified',NULL,3,NULL,NULL);
INSERT INTO `Concept` (`CONCEPT_ID`,`RES_DELETED`,`RES_CREATED`,`RES_MESSAGE_REF`,`RES_UPDATED`,`active`,`CODE`,`effectiveDate`,`DISPLAY`,`INDEX_STATUS`,`CODESYSTEM_ID`,`definitionStatusId`,`moduleId`) VALUES (80,NULL,'2017-09-11 10:19:11.400000',NULL,NULL,NULL,'02',NULL,'Number present but not traced',NULL,3,NULL,NULL);
INSERT INTO `Concept` (`CONCEPT_ID`,`RES_DELETED`,`RES_CREATED`,`RES_MESSAGE_REF`,`RES_UPDATED`,`active`,`CODE`,`effectiveDate`,`DISPLAY`,`INDEX_STATUS`,`CODESYSTEM_ID`,`definitionStatusId`,`moduleId`) VALUES (81,NULL,'2017-09-11 10:19:11.403000',NULL,NULL,NULL,'03',NULL,'Trace required',NULL,3,NULL,NULL);
INSERT INTO `Concept` (`CONCEPT_ID`,`RES_DELETED`,`RES_CREATED`,`RES_MESSAGE_REF`,`RES_UPDATED`,`active`,`CODE`,`effectiveDate`,`DISPLAY`,`INDEX_STATUS`,`CODESYSTEM_ID`,`definitionStatusId`,`moduleId`) VALUES (82,NULL,'2017-09-11 10:19:11.405000',NULL,NULL,NULL,'04',NULL,'Trace attempted - No match or multiple match found',NULL,3,NULL,NULL);
INSERT INTO `Concept` (`CONCEPT_ID`,`RES_DELETED`,`RES_CREATED`,`RES_MESSAGE_REF`,`RES_UPDATED`,`active`,`CODE`,`effectiveDate`,`DISPLAY`,`INDEX_STATUS`,`CODESYSTEM_ID`,`definitionStatusId`,`moduleId`) VALUES (83,NULL,'2017-09-11 10:19:11.408000',NULL,NULL,NULL,'05',NULL,'Trace needs to be resolved - (NHS number or patient detail conflict)',NULL,3,NULL,NULL);
INSERT INTO `Concept` (`CONCEPT_ID`,`RES_DELETED`,`RES_CREATED`,`RES_MESSAGE_REF`,`RES_UPDATED`,`active`,`CODE`,`effectiveDate`,`DISPLAY`,`INDEX_STATUS`,`CODESYSTEM_ID`,`definitionStatusId`,`moduleId`) VALUES (84,NULL,'2017-09-11 10:19:11.412000',NULL,NULL,NULL,'06',NULL,'Trace in progress',NULL,3,NULL,NULL);
INSERT INTO `Concept` (`CONCEPT_ID`,`RES_DELETED`,`RES_CREATED`,`RES_MESSAGE_REF`,`RES_UPDATED`,`active`,`CODE`,`effectiveDate`,`DISPLAY`,`INDEX_STATUS`,`CODESYSTEM_ID`,`definitionStatusId`,`moduleId`) VALUES (85,NULL,'2017-09-11 10:19:11.416000',NULL,NULL,NULL,'07',NULL,'Number not present and trace not required',NULL,3,NULL,NULL);
INSERT INTO `Concept` (`CONCEPT_ID`,`RES_DELETED`,`RES_CREATED`,`RES_MESSAGE_REF`,`RES_UPDATED`,`active`,`CODE`,`effectiveDate`,`DISPLAY`,`INDEX_STATUS`,`CODESYSTEM_ID`,`definitionStatusId`,`moduleId`) VALUES (86,NULL,'2017-09-11 10:19:11.421000',NULL,NULL,NULL,'08',NULL,'Trace postponed (baby under six weeks old)',NULL,3,NULL,NULL);
