
INSERT INTO `CodeSystem` (`CODESYSTEM_ID`,`RES_DELETED`,`RES_CREATED`,`RES_MESSAGE_REF`,`RES_UPDATED`,`CODE_SYSTEM_URI`,`name`) VALUES (10,NULL,'2017-09-13 11:41:08.638000',NULL,NULL,'https://fhir.hl7.org.uk/STU3/CareConnect-LanguageAbilityMode-1',NULL);
INSERT INTO `CodeSystem` (`CODESYSTEM_ID`,`RES_DELETED`,`RES_CREATED`,`RES_MESSAGE_REF`,`RES_UPDATED`,`CODE_SYSTEM_URI`,`name`) VALUES (11,NULL,'2017-09-13 11:42:24.635000',NULL,NULL,'https://fhir.hl7.org.uk/STU3/CareConnect-PersonStatedGender-DDMAP-1',NULL);
INSERT INTO `CodeSystem` (`CODESYSTEM_ID`,`RES_DELETED`,`RES_CREATED`,`RES_MESSAGE_REF`,`RES_UPDATED`,`CODE_SYSTEM_URI`,`name`) VALUES (12,NULL,'2017-09-13 11:43:32.857000',NULL,NULL,'https://fhir.hl7.org.uk/STU3/CareConnect-HumanLanguage-1',NULL);
INSERT INTO `CodeSystem` (`CODESYSTEM_ID`,`RES_DELETED`,`RES_CREATED`,`RES_MESSAGE_REF`,`RES_UPDATED`,`CODE_SYSTEM_URI`,`name`) VALUES (13,NULL,'2017-09-13 11:44:59.446000',NULL,NULL,'https://fhir.hl7.org.uk/STU3/CareConnect-RegistrationType-1',NULL);
INSERT INTO `CodeSystem` (`CODESYSTEM_ID`,`RES_DELETED`,`RES_CREATED`,`RES_MESSAGE_REF`,`RES_UPDATED`,`CODE_SYSTEM_URI`,`name`) VALUES (14,NULL,'2017-09-13 11:48:01.586000',NULL,NULL,'https://fhir.hl7.org.uk/STU3/CareConnect-MedicationFlag-1',NULL);
INSERT INTO `CodeSystem` (`CODESYSTEM_ID`,`RES_DELETED`,`RES_CREATED`,`RES_MESSAGE_REF`,`RES_UPDATED`,`CODE_SYSTEM_URI`,`name`) VALUES (15,NULL,'2017-09-13 11:48:47.406000',NULL,NULL,'https://fhir.hl7.org.uk/STU3/CareConnect-ConditionCategory-1',NULL);
INSERT INTO `CodeSystem` (`CODESYSTEM_ID`,`RES_DELETED`,`RES_CREATED`,`RES_MESSAGE_REF`,`RES_UPDATED`,`CODE_SYSTEM_URI`,`name`) VALUES (16,NULL,'2017-09-13 11:49:52.116000',NULL,NULL,'https://fhir.hl7.org.uk/STU3/CareConnect-ConditionEpisodicity',NULL);


INSERT INTO `ValueSet` (`VALUESET_ID`,`RES_DELETED`,`RES_CREATED`,`RES_MESSAGE_REF`,`RES_UPDATED`,`description`,`CODESYSTEM_URL`,`name`,`status`,`VALUESET_STRID`,`title`,`url`,`CODESYSTEM_PID`) VALUES (9,NULL,'2017-09-13 11:41:09.011000',NULL,NULL,'A valueset to describe the mode the patient can communicate in, representing the method of expression of the language.',NULL,'Care Connect Language Ability Mode',1,'ValueSet/CareConnect-LanguageAbilityMode-1',NULL,'https://fhir.hl7.org.uk/ValueSet/CareConnect-LanguageAbilityMode-1',10);
INSERT INTO `ValueSet` (`VALUESET_ID`,`RES_DELETED`,`RES_CREATED`,`RES_MESSAGE_REF`,`RES_UPDATED`,`description`,`CODESYSTEM_URL`,`name`,`status`,`VALUESET_STRID`,`title`,`url`,`CODESYSTEM_PID`) VALUES (10,NULL,'2017-09-13 11:42:24.647000',NULL,NULL,'Person Stated Gender Code is self declared or inferred by observation for those unable to declare their Person Stated Gender.',NULL,'Person Stated Gender Code NHS Data Model and Dictionary',1,'ValueSet/CareConnect-PersonStatedGender-DDMAP-1',NULL,'https://fhir.hl7.org.uk/ValueSet/CareConnect-PersonStatedGender-DDMAP-1',11);
INSERT INTO `ValueSet` (`VALUESET_ID`,`RES_DELETED`,`RES_CREATED`,`RES_MESSAGE_REF`,`RES_UPDATED`,`description`,`CODESYSTEM_URL`,`name`,`status`,`VALUESET_STRID`,`title`,`url`,`CODESYSTEM_PID`) VALUES (11,NULL,'2017-09-13 11:43:35.006000',NULL,NULL,'The language used by a person.',NULL,'Care Connect Human Language',1,'ValueSet/CareConnect-HumanLanguage-1',NULL,'https://fhir.hl7.org.uk/ValueSet/CareConnect-HumanLanguage-1',12);
INSERT INTO `ValueSet` (`VALUESET_ID`,`RES_DELETED`,`RES_CREATED`,`RES_MESSAGE_REF`,`RES_UPDATED`,`description`,`CODESYSTEM_URL`,`name`,`status`,`VALUESET_STRID`,`title`,`url`,`CODESYSTEM_PID`) VALUES (12,NULL,'2017-09-13 11:44:59.462000',NULL,NULL,'A vocabulary that identifies the type of registration for a patient at a healthcare organisation.',NULL,'Care Connect Registration Type',1,'ValueSet/CareConnect-RegistrationType-1',NULL,'https://fhir.hl7.org.uk/ValueSet/CareConnect-RegistrationType-1',13);
INSERT INTO `ValueSet` (`VALUESET_ID`,`RES_DELETED`,`RES_CREATED`,`RES_MESSAGE_REF`,`RES_UPDATED`,`description`,`CODESYSTEM_URL`,`name`,`status`,`VALUESET_STRID`,`title`,`url`,`CODESYSTEM_PID`) VALUES (13,NULL,'2017-09-13 11:48:01.592000',NULL,NULL,'List of detail codes for flagged medication issues.',NULL,'Care Connect Medication Flag',1,'ValueSet/CareConnect-MedicationFlag-1',NULL,'https://fhir.hl7.org.uk/ValueSet/CareConnect-MedicationFlag-1',14);
INSERT INTO `ValueSet` (`VALUESET_ID`,`RES_DELETED`,`RES_CREATED`,`RES_MESSAGE_REF`,`RES_UPDATED`,`description`,`CODESYSTEM_URL`,`name`,`status`,`VALUESET_STRID`,`title`,`url`,`CODESYSTEM_PID`) VALUES (14,NULL,'2017-09-13 11:48:47.421000',NULL,NULL,'Condition category codes.',NULL,'Care Connect Condition Category',1,'ValueSet/CareConnect-ConditionCategory-1',NULL,'https://fhir.hl7.org.uk/ValueSet/CareConnect-ConditionCategory-1',15);
INSERT INTO `ValueSet` (`VALUESET_ID`,`RES_DELETED`,`RES_CREATED`,`RES_MESSAGE_REF`,`RES_UPDATED`,`description`,`CODESYSTEM_URL`,`name`,`status`,`VALUESET_STRID`,`title`,`url`,`CODESYSTEM_PID`) VALUES (15,NULL,'2017-09-13 11:49:52.129000',NULL,NULL,'Specifies the episodicity of a condition.',NULL,'Care Connect Condition Episodicity',1,'ValueSet/CareConnect-ConditionEpisodicity-1',NULL,'https://fhir.hl7.org.uk/ValueSet/CareConnect-ConditionEpisodicity-1',16);


INSERT INTO `Concept` (`CONCEPT_ID`,`RES_DELETED`,`RES_CREATED`,`RES_MESSAGE_REF`,`RES_UPDATED`,`abstractCode`,`active`,`CODE`,`description`,`effectiveDate`,`DISPLAY`,`INDEX_STATUS`,`CODESYSTEM_ID`,`definitionStatusId`,`moduleId`) VALUES (497,NULL,'2017-09-13 11:41:08.931000',NULL,NULL,0,NULL,'ESGN',NULL,NULL,'Expressed signed',NULL,10,NULL,NULL);
INSERT INTO `Concept` (`CONCEPT_ID`,`RES_DELETED`,`RES_CREATED`,`RES_MESSAGE_REF`,`RES_UPDATED`,`abstractCode`,`active`,`CODE`,`description`,`effectiveDate`,`DISPLAY`,`INDEX_STATUS`,`CODESYSTEM_ID`,`definitionStatusId`,`moduleId`) VALUES (498,NULL,'2017-09-13 11:41:08.989000',NULL,NULL,0,NULL,'ESP',NULL,NULL,'Expressed spoken',NULL,10,NULL,NULL);
INSERT INTO `Concept` (`CONCEPT_ID`,`RES_DELETED`,`RES_CREATED`,`RES_MESSAGE_REF`,`RES_UPDATED`,`abstractCode`,`active`,`CODE`,`description`,`effectiveDate`,`DISPLAY`,`INDEX_STATUS`,`CODESYSTEM_ID`,`definitionStatusId`,`moduleId`) VALUES (499,NULL,'2017-09-13 11:41:08.992000',NULL,NULL,0,NULL,'EWR',NULL,NULL,'Expressed written',NULL,10,NULL,NULL);
INSERT INTO `Concept` (`CONCEPT_ID`,`RES_DELETED`,`RES_CREATED`,`RES_MESSAGE_REF`,`RES_UPDATED`,`abstractCode`,`active`,`CODE`,`description`,`effectiveDate`,`DISPLAY`,`INDEX_STATUS`,`CODESYSTEM_ID`,`definitionStatusId`,`moduleId`) VALUES (500,NULL,'2017-09-13 11:41:08.994000',NULL,NULL,0,NULL,'RSGN',NULL,NULL,'Received signed',NULL,10,NULL,NULL);
INSERT INTO `Concept` (`CONCEPT_ID`,`RES_DELETED`,`RES_CREATED`,`RES_MESSAGE_REF`,`RES_UPDATED`,`abstractCode`,`active`,`CODE`,`description`,`effectiveDate`,`DISPLAY`,`INDEX_STATUS`,`CODESYSTEM_ID`,`definitionStatusId`,`moduleId`) VALUES (501,NULL,'2017-09-13 11:41:08.996000',NULL,NULL,0,NULL,'RSP',NULL,NULL,'Received spoken',NULL,10,NULL,NULL);
INSERT INTO `Concept` (`CONCEPT_ID`,`RES_DELETED`,`RES_CREATED`,`RES_MESSAGE_REF`,`RES_UPDATED`,`abstractCode`,`active`,`CODE`,`description`,`effectiveDate`,`DISPLAY`,`INDEX_STATUS`,`CODESYSTEM_ID`,`definitionStatusId`,`moduleId`) VALUES (502,NULL,'2017-09-13 11:41:09.009000',NULL,NULL,0,NULL,'RWR',NULL,NULL,'Received written',NULL,10,NULL,NULL);
INSERT INTO `Concept` (`CONCEPT_ID`,`RES_DELETED`,`RES_CREATED`,`RES_MESSAGE_REF`,`RES_UPDATED`,`abstractCode`,`active`,`CODE`,`description`,`effectiveDate`,`DISPLAY`,`INDEX_STATUS`,`CODESYSTEM_ID`,`definitionStatusId`,`moduleId`) VALUES (503,NULL,'2017-09-13 11:42:24.638000',NULL,NULL,0,NULL,'1',NULL,NULL,'Male',NULL,11,NULL,NULL);
INSERT INTO `Concept` (`CONCEPT_ID`,`RES_DELETED`,`RES_CREATED`,`RES_MESSAGE_REF`,`RES_UPDATED`,`abstractCode`,`active`,`CODE`,`description`,`effectiveDate`,`DISPLAY`,`INDEX_STATUS`,`CODESYSTEM_ID`,`definitionStatusId`,`moduleId`) VALUES (504,NULL,'2017-09-13 11:42:24.641000',NULL,NULL,0,NULL,'2',NULL,NULL,'Female',NULL,11,NULL,NULL);
INSERT INTO `Concept` (`CONCEPT_ID`,`RES_DELETED`,`RES_CREATED`,`RES_MESSAGE_REF`,`RES_UPDATED`,`abstractCode`,`active`,`CODE`,`description`,`effectiveDate`,`DISPLAY`,`INDEX_STATUS`,`CODESYSTEM_ID`,`definitionStatusId`,`moduleId`) VALUES (505,NULL,'2017-09-13 11:42:24.643000',NULL,NULL,0,NULL,'9',NULL,NULL,'Indeterminate (unable to be classified as either male or female)',NULL,11,NULL,NULL);
INSERT INTO `Concept` (`CONCEPT_ID`,`RES_DELETED`,`RES_CREATED`,`RES_MESSAGE_REF`,`RES_UPDATED`,`abstractCode`,`active`,`CODE`,`description`,`effectiveDate`,`DISPLAY`,`INDEX_STATUS`,`CODESYSTEM_ID`,`definitionStatusId`,`moduleId`) VALUES (506,NULL,'2017-09-13 11:42:24.645000',NULL,NULL,0,NULL,'X',NULL,NULL,'Not Known (not recorded)',NULL,11,NULL,NULL);
INSERT INTO `Concept` (`CONCEPT_ID`,`RES_DELETED`,`RES_CREATED`,`RES_MESSAGE_REF`,`RES_UPDATED`,`abstractCode`,`active`,`CODE`,`description`,`effectiveDate`,`DISPLAY`,`INDEX_STATUS`,`CODESYSTEM_ID`,`definitionStatusId`,`moduleId`) VALUES (507,NULL,'2017-09-13 11:43:32.860000',NULL,NULL,0,NULL,'q1',NULL,NULL,'Braille',NULL,12,NULL,NULL);
INSERT INTO `Concept` (`CONCEPT_ID`,`RES_DELETED`,`RES_CREATED`,`RES_MESSAGE_REF`,`RES_UPDATED`,`abstractCode`,`active`,`CODE`,`description`,`effectiveDate`,`DISPLAY`,`INDEX_STATUS`,`CODESYSTEM_ID`,`definitionStatusId`,`moduleId`) VALUES (508,NULL,'2017-09-13 11:43:32.896000',NULL,NULL,0,NULL,'q2',NULL,NULL,'American Sign Language',NULL,12,NULL,NULL);
INSERT INTO `Concept` (`CONCEPT_ID`,`RES_DELETED`,`RES_CREATED`,`RES_MESSAGE_REF`,`RES_UPDATED`,`abstractCode`,`active`,`CODE`,`description`,`effectiveDate`,`DISPLAY`,`INDEX_STATUS`,`CODESYSTEM_ID`,`definitionStatusId`,`moduleId`) VALUES (509,NULL,'2017-09-13 11:43:32.898000',NULL,NULL,0,NULL,'q3',NULL,NULL,'Australian Sign Language',NULL,12,NULL,NULL);
INSERT INTO `Concept` (`CONCEPT_ID`,`RES_DELETED`,`RES_CREATED`,`RES_MESSAGE_REF`,`RES_UPDATED`,`abstractCode`,`active`,`CODE`,`description`,`effectiveDate`,`DISPLAY`,`INDEX_STATUS`,`CODESYSTEM_ID`,`definitionStatusId`,`moduleId`) VALUES (510,NULL,'2017-09-13 11:43:32.901000',NULL,NULL,0,NULL,'q4',NULL,NULL,'British Sign Language',NULL,12,NULL,NULL);
INSERT INTO `Concept` (`CONCEPT_ID`,`RES_DELETED`,`RES_CREATED`,`RES_MESSAGE_REF`,`RES_UPDATED`,`abstractCode`,`active`,`CODE`,`description`,`effectiveDate`,`DISPLAY`,`INDEX_STATUS`,`CODESYSTEM_ID`,`definitionStatusId`,`moduleId`) VALUES (511,NULL,'2017-09-13 11:43:32.904000',NULL,NULL,0,NULL,'q5',NULL,NULL,'Makaton',NULL,12,NULL,NULL);
INSERT INTO `Concept` (`CONCEPT_ID`,`RES_DELETED`,`RES_CREATED`,`RES_MESSAGE_REF`,`RES_UPDATED`,`abstractCode`,`active`,`CODE`,`description`,`effectiveDate`,`DISPLAY`,`INDEX_STATUS`,`CODESYSTEM_ID`,`definitionStatusId`,`moduleId`) VALUES (512,NULL,'2017-09-13 11:43:32.911000',NULL,NULL,0,NULL,'aa',NULL,NULL,'Afar',NULL,12,NULL,NULL);
INSERT INTO `Concept` (`CONCEPT_ID`,`RES_DELETED`,`RES_CREATED`,`RES_MESSAGE_REF`,`RES_UPDATED`,`abstractCode`,`active`,`CODE`,`description`,`effectiveDate`,`DISPLAY`,`INDEX_STATUS`,`CODESYSTEM_ID`,`definitionStatusId`,`moduleId`) VALUES (513,NULL,'2017-09-13 11:43:32.916000',NULL,NULL,0,NULL,'ab',NULL,NULL,'Abkhazian',NULL,12,NULL,NULL);
INSERT INTO `Concept` (`CONCEPT_ID`,`RES_DELETED`,`RES_CREATED`,`RES_MESSAGE_REF`,`RES_UPDATED`,`abstractCode`,`active`,`CODE`,`description`,`effectiveDate`,`DISPLAY`,`INDEX_STATUS`,`CODESYSTEM_ID`,`definitionStatusId`,`moduleId`) VALUES (514,NULL,'2017-09-13 11:43:32.920000',NULL,NULL,0,NULL,'af',NULL,NULL,'Afrikaans',NULL,12,NULL,NULL);
INSERT INTO `Concept` (`CONCEPT_ID`,`RES_DELETED`,`RES_CREATED`,`RES_MESSAGE_REF`,`RES_UPDATED`,`abstractCode`,`active`,`CODE`,`description`,`effectiveDate`,`DISPLAY`,`INDEX_STATUS`,`CODESYSTEM_ID`,`definitionStatusId`,`moduleId`) VALUES (515,NULL,'2017-09-13 11:43:32.925000',NULL,NULL,0,NULL,'ak',NULL,NULL,'Akan',NULL,12,NULL,NULL);
INSERT INTO `Concept` (`CONCEPT_ID`,`RES_DELETED`,`RES_CREATED`,`RES_MESSAGE_REF`,`RES_UPDATED`,`abstractCode`,`active`,`CODE`,`description`,`effectiveDate`,`DISPLAY`,`INDEX_STATUS`,`CODESYSTEM_ID`,`definitionStatusId`,`moduleId`) VALUES (516,NULL,'2017-09-13 11:43:32.928000',NULL,NULL,0,NULL,'sq',NULL,NULL,'Albanian',NULL,12,NULL,NULL);
INSERT INTO `Concept` (`CONCEPT_ID`,`RES_DELETED`,`RES_CREATED`,`RES_MESSAGE_REF`,`RES_UPDATED`,`abstractCode`,`active`,`CODE`,`description`,`effectiveDate`,`DISPLAY`,`INDEX_STATUS`,`CODESYSTEM_ID`,`definitionStatusId`,`moduleId`) VALUES (517,NULL,'2017-09-13 11:43:32.930000',NULL,NULL,0,NULL,'am',NULL,NULL,'Amharic',NULL,12,NULL,NULL);
INSERT INTO `Concept` (`CONCEPT_ID`,`RES_DELETED`,`RES_CREATED`,`RES_MESSAGE_REF`,`RES_UPDATED`,`abstractCode`,`active`,`CODE`,`description`,`effectiveDate`,`DISPLAY`,`INDEX_STATUS`,`CODESYSTEM_ID`,`definitionStatusId`,`moduleId`) VALUES (518,NULL,'2017-09-13 11:43:32.934000',NULL,NULL,0,NULL,'ar',NULL,NULL,'Arabic',NULL,12,NULL,NULL);
INSERT INTO `Concept` (`CONCEPT_ID`,`RES_DELETED`,`RES_CREATED`,`RES_MESSAGE_REF`,`RES_UPDATED`,`abstractCode`,`active`,`CODE`,`description`,`effectiveDate`,`DISPLAY`,`INDEX_STATUS`,`CODESYSTEM_ID`,`definitionStatusId`,`moduleId`) VALUES (519,NULL,'2017-09-13 11:43:32.937000',NULL,NULL,0,NULL,'an',NULL,NULL,'Aragonese',NULL,12,NULL,NULL);
INSERT INTO `Concept` (`CONCEPT_ID`,`RES_DELETED`,`RES_CREATED`,`RES_MESSAGE_REF`,`RES_UPDATED`,`abstractCode`,`active`,`CODE`,`description`,`effectiveDate`,`DISPLAY`,`INDEX_STATUS`,`CODESYSTEM_ID`,`definitionStatusId`,`moduleId`) VALUES (520,NULL,'2017-09-13 11:43:32.939000',NULL,NULL,0,NULL,'hy',NULL,NULL,'Armenian',NULL,12,NULL,NULL);
INSERT INTO `Concept` (`CONCEPT_ID`,`RES_DELETED`,`RES_CREATED`,`RES_MESSAGE_REF`,`RES_UPDATED`,`abstractCode`,`active`,`CODE`,`description`,`effectiveDate`,`DISPLAY`,`INDEX_STATUS`,`CODESYSTEM_ID`,`definitionStatusId`,`moduleId`) VALUES (521,NULL,'2017-09-13 11:43:32.941000',NULL,NULL,0,NULL,'as',NULL,NULL,'Assamese',NULL,12,NULL,NULL);
INSERT INTO `Concept` (`CONCEPT_ID`,`RES_DELETED`,`RES_CREATED`,`RES_MESSAGE_REF`,`RES_UPDATED`,`abstractCode`,`active`,`CODE`,`description`,`effectiveDate`,`DISPLAY`,`INDEX_STATUS`,`CODESYSTEM_ID`,`definitionStatusId`,`moduleId`) VALUES (522,NULL,'2017-09-13 11:43:32.943000',NULL,NULL,0,NULL,'av',NULL,NULL,'Avaric',NULL,12,NULL,NULL);
INSERT INTO `Concept` (`CONCEPT_ID`,`RES_DELETED`,`RES_CREATED`,`RES_MESSAGE_REF`,`RES_UPDATED`,`abstractCode`,`active`,`CODE`,`description`,`effectiveDate`,`DISPLAY`,`INDEX_STATUS`,`CODESYSTEM_ID`,`definitionStatusId`,`moduleId`) VALUES (523,NULL,'2017-09-13 11:43:32.945000',NULL,NULL,0,NULL,'ae',NULL,NULL,'Avestan',NULL,12,NULL,NULL);
INSERT INTO `Concept` (`CONCEPT_ID`,`RES_DELETED`,`RES_CREATED`,`RES_MESSAGE_REF`,`RES_UPDATED`,`abstractCode`,`active`,`CODE`,`description`,`effectiveDate`,`DISPLAY`,`INDEX_STATUS`,`CODESYSTEM_ID`,`definitionStatusId`,`moduleId`) VALUES (524,NULL,'2017-09-13 11:43:32.947000',NULL,NULL,0,NULL,'ay',NULL,NULL,'Aymara',NULL,12,NULL,NULL);
INSERT INTO `Concept` (`CONCEPT_ID`,`RES_DELETED`,`RES_CREATED`,`RES_MESSAGE_REF`,`RES_UPDATED`,`abstractCode`,`active`,`CODE`,`description`,`effectiveDate`,`DISPLAY`,`INDEX_STATUS`,`CODESYSTEM_ID`,`definitionStatusId`,`moduleId`) VALUES (525,NULL,'2017-09-13 11:43:32.949000',NULL,NULL,0,NULL,'az',NULL,NULL,'Azerbaijani',NULL,12,NULL,NULL);
INSERT INTO `Concept` (`CONCEPT_ID`,`RES_DELETED`,`RES_CREATED`,`RES_MESSAGE_REF`,`RES_UPDATED`,`abstractCode`,`active`,`CODE`,`description`,`effectiveDate`,`DISPLAY`,`INDEX_STATUS`,`CODESYSTEM_ID`,`definitionStatusId`,`moduleId`) VALUES (526,NULL,'2017-09-13 11:43:32.952000',NULL,NULL,0,NULL,'ba',NULL,NULL,'Bashkir',NULL,12,NULL,NULL);
INSERT INTO `Concept` (`CONCEPT_ID`,`RES_DELETED`,`RES_CREATED`,`RES_MESSAGE_REF`,`RES_UPDATED`,`abstractCode`,`active`,`CODE`,`description`,`effectiveDate`,`DISPLAY`,`INDEX_STATUS`,`CODESYSTEM_ID`,`definitionStatusId`,`moduleId`) VALUES (527,NULL,'2017-09-13 11:43:32.954000',NULL,NULL,0,NULL,'bm',NULL,NULL,'Bambara',NULL,12,NULL,NULL);
INSERT INTO `Concept` (`CONCEPT_ID`,`RES_DELETED`,`RES_CREATED`,`RES_MESSAGE_REF`,`RES_UPDATED`,`abstractCode`,`active`,`CODE`,`description`,`effectiveDate`,`DISPLAY`,`INDEX_STATUS`,`CODESYSTEM_ID`,`definitionStatusId`,`moduleId`) VALUES (528,NULL,'2017-09-13 11:43:32.956000',NULL,NULL,0,NULL,'eu',NULL,NULL,'Basque',NULL,12,NULL,NULL);
INSERT INTO `Concept` (`CONCEPT_ID`,`RES_DELETED`,`RES_CREATED`,`RES_MESSAGE_REF`,`RES_UPDATED`,`abstractCode`,`active`,`CODE`,`description`,`effectiveDate`,`DISPLAY`,`INDEX_STATUS`,`CODESYSTEM_ID`,`definitionStatusId`,`moduleId`) VALUES (529,NULL,'2017-09-13 11:43:32.958000',NULL,NULL,0,NULL,'be',NULL,NULL,'Belarusian',NULL,12,NULL,NULL);
INSERT INTO `Concept` (`CONCEPT_ID`,`RES_DELETED`,`RES_CREATED`,`RES_MESSAGE_REF`,`RES_UPDATED`,`abstractCode`,`active`,`CODE`,`description`,`effectiveDate`,`DISPLAY`,`INDEX_STATUS`,`CODESYSTEM_ID`,`definitionStatusId`,`moduleId`) VALUES (530,NULL,'2017-09-13 11:43:32.960000',NULL,NULL,0,NULL,'bn',NULL,NULL,'Bengali',NULL,12,NULL,NULL);
INSERT INTO `Concept` (`CONCEPT_ID`,`RES_DELETED`,`RES_CREATED`,`RES_MESSAGE_REF`,`RES_UPDATED`,`abstractCode`,`active`,`CODE`,`description`,`effectiveDate`,`DISPLAY`,`INDEX_STATUS`,`CODESYSTEM_ID`,`definitionStatusId`,`moduleId`) VALUES (531,NULL,'2017-09-13 11:43:32.962000',NULL,NULL,0,NULL,'bh',NULL,NULL,'Bihari',NULL,12,NULL,NULL);
INSERT INTO `Concept` (`CONCEPT_ID`,`RES_DELETED`,`RES_CREATED`,`RES_MESSAGE_REF`,`RES_UPDATED`,`abstractCode`,`active`,`CODE`,`description`,`effectiveDate`,`DISPLAY`,`INDEX_STATUS`,`CODESYSTEM_ID`,`definitionStatusId`,`moduleId`) VALUES (532,NULL,'2017-09-13 11:43:32.963000',NULL,NULL,0,NULL,'bi',NULL,NULL,'Bislama',NULL,12,NULL,NULL);
INSERT INTO `Concept` (`CONCEPT_ID`,`RES_DELETED`,`RES_CREATED`,`RES_MESSAGE_REF`,`RES_UPDATED`,`abstractCode`,`active`,`CODE`,`description`,`effectiveDate`,`DISPLAY`,`INDEX_STATUS`,`CODESYSTEM_ID`,`definitionStatusId`,`moduleId`) VALUES (533,NULL,'2017-09-13 11:43:32.965000',NULL,NULL,0,NULL,'bo',NULL,NULL,'Tibetan',NULL,12,NULL,NULL);
INSERT INTO `Concept` (`CONCEPT_ID`,`RES_DELETED`,`RES_CREATED`,`RES_MESSAGE_REF`,`RES_UPDATED`,`abstractCode`,`active`,`CODE`,`description`,`effectiveDate`,`DISPLAY`,`INDEX_STATUS`,`CODESYSTEM_ID`,`definitionStatusId`,`moduleId`) VALUES (534,NULL,'2017-09-13 11:43:32.967000',NULL,NULL,0,NULL,'bs',NULL,NULL,'Bosnian',NULL,12,NULL,NULL);
INSERT INTO `Concept` (`CONCEPT_ID`,`RES_DELETED`,`RES_CREATED`,`RES_MESSAGE_REF`,`RES_UPDATED`,`abstractCode`,`active`,`CODE`,`description`,`effectiveDate`,`DISPLAY`,`INDEX_STATUS`,`CODESYSTEM_ID`,`definitionStatusId`,`moduleId`) VALUES (535,NULL,'2017-09-13 11:43:32.969000',NULL,NULL,0,NULL,'br',NULL,NULL,'Breton',NULL,12,NULL,NULL);
INSERT INTO `Concept` (`CONCEPT_ID`,`RES_DELETED`,`RES_CREATED`,`RES_MESSAGE_REF`,`RES_UPDATED`,`abstractCode`,`active`,`CODE`,`description`,`effectiveDate`,`DISPLAY`,`INDEX_STATUS`,`CODESYSTEM_ID`,`definitionStatusId`,`moduleId`) VALUES (536,NULL,'2017-09-13 11:43:32.971000',NULL,NULL,0,NULL,'bg',NULL,NULL,'Bulgarian',NULL,12,NULL,NULL);
INSERT INTO `Concept` (`CONCEPT_ID`,`RES_DELETED`,`RES_CREATED`,`RES_MESSAGE_REF`,`RES_UPDATED`,`abstractCode`,`active`,`CODE`,`description`,`effectiveDate`,`DISPLAY`,`INDEX_STATUS`,`CODESYSTEM_ID`,`definitionStatusId`,`moduleId`) VALUES (537,NULL,'2017-09-13 11:43:32.973000',NULL,NULL,0,NULL,'my',NULL,NULL,'Burmese',NULL,12,NULL,NULL);
INSERT INTO `Concept` (`CONCEPT_ID`,`RES_DELETED`,`RES_CREATED`,`RES_MESSAGE_REF`,`RES_UPDATED`,`abstractCode`,`active`,`CODE`,`description`,`effectiveDate`,`DISPLAY`,`INDEX_STATUS`,`CODESYSTEM_ID`,`definitionStatusId`,`moduleId`) VALUES (538,NULL,'2017-09-13 11:43:32.975000',NULL,NULL,0,NULL,'ca',NULL,NULL,'Catalan; Valencian',NULL,12,NULL,NULL);
INSERT INTO `Concept` (`CONCEPT_ID`,`RES_DELETED`,`RES_CREATED`,`RES_MESSAGE_REF`,`RES_UPDATED`,`abstractCode`,`active`,`CODE`,`description`,`effectiveDate`,`DISPLAY`,`INDEX_STATUS`,`CODESYSTEM_ID`,`definitionStatusId`,`moduleId`) VALUES (539,NULL,'2017-09-13 11:43:32.977000',NULL,NULL,0,NULL,'cs',NULL,NULL,'Czech',NULL,12,NULL,NULL);
INSERT INTO `Concept` (`CONCEPT_ID`,`RES_DELETED`,`RES_CREATED`,`RES_MESSAGE_REF`,`RES_UPDATED`,`abstractCode`,`active`,`CODE`,`description`,`effectiveDate`,`DISPLAY`,`INDEX_STATUS`,`CODESYSTEM_ID`,`definitionStatusId`,`moduleId`) VALUES (540,NULL,'2017-09-13 11:43:32.979000',NULL,NULL,0,NULL,'ch',NULL,NULL,'Chamorro',NULL,12,NULL,NULL);
INSERT INTO `Concept` (`CONCEPT_ID`,`RES_DELETED`,`RES_CREATED`,`RES_MESSAGE_REF`,`RES_UPDATED`,`abstractCode`,`active`,`CODE`,`description`,`effectiveDate`,`DISPLAY`,`INDEX_STATUS`,`CODESYSTEM_ID`,`definitionStatusId`,`moduleId`) VALUES (541,NULL,'2017-09-13 11:43:32.981000',NULL,NULL,0,NULL,'ce',NULL,NULL,'Chechen',NULL,12,NULL,NULL);
INSERT INTO `Concept` (`CONCEPT_ID`,`RES_DELETED`,`RES_CREATED`,`RES_MESSAGE_REF`,`RES_UPDATED`,`abstractCode`,`active`,`CODE`,`description`,`effectiveDate`,`DISPLAY`,`INDEX_STATUS`,`CODESYSTEM_ID`,`definitionStatusId`,`moduleId`) VALUES (542,NULL,'2017-09-13 11:43:32.983000',NULL,NULL,0,NULL,'zh',NULL,NULL,'Chinese',NULL,12,NULL,NULL);
INSERT INTO `Concept` (`CONCEPT_ID`,`RES_DELETED`,`RES_CREATED`,`RES_MESSAGE_REF`,`RES_UPDATED`,`abstractCode`,`active`,`CODE`,`description`,`effectiveDate`,`DISPLAY`,`INDEX_STATUS`,`CODESYSTEM_ID`,`definitionStatusId`,`moduleId`) VALUES (543,NULL,'2017-09-13 11:43:32.985000',NULL,NULL,0,NULL,'cu',NULL,NULL,'Church Slavic; Old Slavonic; Church Slavonic; Old Bulgarian; Old Church Slavonic',NULL,12,NULL,NULL);
INSERT INTO `Concept` (`CONCEPT_ID`,`RES_DELETED`,`RES_CREATED`,`RES_MESSAGE_REF`,`RES_UPDATED`,`abstractCode`,`active`,`CODE`,`description`,`effectiveDate`,`DISPLAY`,`INDEX_STATUS`,`CODESYSTEM_ID`,`definitionStatusId`,`moduleId`) VALUES (544,NULL,'2017-09-13 11:43:32.987000',NULL,NULL,0,NULL,'cv',NULL,NULL,'Chuvash',NULL,12,NULL,NULL);
INSERT INTO `Concept` (`CONCEPT_ID`,`RES_DELETED`,`RES_CREATED`,`RES_MESSAGE_REF`,`RES_UPDATED`,`abstractCode`,`active`,`CODE`,`description`,`effectiveDate`,`DISPLAY`,`INDEX_STATUS`,`CODESYSTEM_ID`,`definitionStatusId`,`moduleId`) VALUES (545,NULL,'2017-09-13 11:43:32.990000',NULL,NULL,0,NULL,'kw',NULL,NULL,'Cornish',NULL,12,NULL,NULL);
INSERT INTO `Concept` (`CONCEPT_ID`,`RES_DELETED`,`RES_CREATED`,`RES_MESSAGE_REF`,`RES_UPDATED`,`abstractCode`,`active`,`CODE`,`description`,`effectiveDate`,`DISPLAY`,`INDEX_STATUS`,`CODESYSTEM_ID`,`definitionStatusId`,`moduleId`) VALUES (546,NULL,'2017-09-13 11:43:32.992000',NULL,NULL,0,NULL,'co',NULL,NULL,'Corsican',NULL,12,NULL,NULL);
INSERT INTO `Concept` (`CONCEPT_ID`,`RES_DELETED`,`RES_CREATED`,`RES_MESSAGE_REF`,`RES_UPDATED`,`abstractCode`,`active`,`CODE`,`description`,`effectiveDate`,`DISPLAY`,`INDEX_STATUS`,`CODESYSTEM_ID`,`definitionStatusId`,`moduleId`) VALUES (547,NULL,'2017-09-13 11:43:32.993000',NULL,NULL,0,NULL,'cr',NULL,NULL,'Cree',NULL,12,NULL,NULL);
INSERT INTO `Concept` (`CONCEPT_ID`,`RES_DELETED`,`RES_CREATED`,`RES_MESSAGE_REF`,`RES_UPDATED`,`abstractCode`,`active`,`CODE`,`description`,`effectiveDate`,`DISPLAY`,`INDEX_STATUS`,`CODESYSTEM_ID`,`definitionStatusId`,`moduleId`) VALUES (548,NULL,'2017-09-13 11:43:32.996000',NULL,NULL,0,NULL,'cy',NULL,NULL,'Welsh',NULL,12,NULL,NULL);
INSERT INTO `Concept` (`CONCEPT_ID`,`RES_DELETED`,`RES_CREATED`,`RES_MESSAGE_REF`,`RES_UPDATED`,`abstractCode`,`active`,`CODE`,`description`,`effectiveDate`,`DISPLAY`,`INDEX_STATUS`,`CODESYSTEM_ID`,`definitionStatusId`,`moduleId`) VALUES (549,NULL,'2017-09-13 11:43:32.999000',NULL,NULL,0,NULL,'da',NULL,NULL,'Danish',NULL,12,NULL,NULL);
INSERT INTO `Concept` (`CONCEPT_ID`,`RES_DELETED`,`RES_CREATED`,`RES_MESSAGE_REF`,`RES_UPDATED`,`abstractCode`,`active`,`CODE`,`description`,`effectiveDate`,`DISPLAY`,`INDEX_STATUS`,`CODESYSTEM_ID`,`definitionStatusId`,`moduleId`) VALUES (550,NULL,'2017-09-13 11:43:33.001000',NULL,NULL,0,NULL,'de',NULL,NULL,'German',NULL,12,NULL,NULL);
INSERT INTO `Concept` (`CONCEPT_ID`,`RES_DELETED`,`RES_CREATED`,`RES_MESSAGE_REF`,`RES_UPDATED`,`abstractCode`,`active`,`CODE`,`description`,`effectiveDate`,`DISPLAY`,`INDEX_STATUS`,`CODESYSTEM_ID`,`definitionStatusId`,`moduleId`) VALUES (551,NULL,'2017-09-13 11:43:33.013000',NULL,NULL,0,NULL,'dv',NULL,NULL,'Divehi; Dhivehi; Maldivian',NULL,12,NULL,NULL);
INSERT INTO `Concept` (`CONCEPT_ID`,`RES_DELETED`,`RES_CREATED`,`RES_MESSAGE_REF`,`RES_UPDATED`,`abstractCode`,`active`,`CODE`,`description`,`effectiveDate`,`DISPLAY`,`INDEX_STATUS`,`CODESYSTEM_ID`,`definitionStatusId`,`moduleId`) VALUES (552,NULL,'2017-09-13 11:43:34.421000',NULL,NULL,0,NULL,'nl',NULL,NULL,'Dutch; Flemish',NULL,12,NULL,NULL);
INSERT INTO `Concept` (`CONCEPT_ID`,`RES_DELETED`,`RES_CREATED`,`RES_MESSAGE_REF`,`RES_UPDATED`,`abstractCode`,`active`,`CODE`,`description`,`effectiveDate`,`DISPLAY`,`INDEX_STATUS`,`CODESYSTEM_ID`,`definitionStatusId`,`moduleId`) VALUES (553,NULL,'2017-09-13 11:43:34.423000',NULL,NULL,0,NULL,'dz',NULL,NULL,'Dzongkha',NULL,12,NULL,NULL);
INSERT INTO `Concept` (`CONCEPT_ID`,`RES_DELETED`,`RES_CREATED`,`RES_MESSAGE_REF`,`RES_UPDATED`,`abstractCode`,`active`,`CODE`,`description`,`effectiveDate`,`DISPLAY`,`INDEX_STATUS`,`CODESYSTEM_ID`,`definitionStatusId`,`moduleId`) VALUES (554,NULL,'2017-09-13 11:43:34.425000',NULL,NULL,0,NULL,'el',NULL,NULL,'Greek, Modern (1453-)',NULL,12,NULL,NULL);
INSERT INTO `Concept` (`CONCEPT_ID`,`RES_DELETED`,`RES_CREATED`,`RES_MESSAGE_REF`,`RES_UPDATED`,`abstractCode`,`active`,`CODE`,`description`,`effectiveDate`,`DISPLAY`,`INDEX_STATUS`,`CODESYSTEM_ID`,`definitionStatusId`,`moduleId`) VALUES (555,NULL,'2017-09-13 11:43:34.489000',NULL,NULL,0,NULL,'en',NULL,NULL,'English',NULL,12,NULL,NULL);
INSERT INTO `Concept` (`CONCEPT_ID`,`RES_DELETED`,`RES_CREATED`,`RES_MESSAGE_REF`,`RES_UPDATED`,`abstractCode`,`active`,`CODE`,`description`,`effectiveDate`,`DISPLAY`,`INDEX_STATUS`,`CODESYSTEM_ID`,`definitionStatusId`,`moduleId`) VALUES (556,NULL,'2017-09-13 11:43:34.491000',NULL,NULL,0,NULL,'eo',NULL,NULL,'Esperanto',NULL,12,NULL,NULL);
INSERT INTO `Concept` (`CONCEPT_ID`,`RES_DELETED`,`RES_CREATED`,`RES_MESSAGE_REF`,`RES_UPDATED`,`abstractCode`,`active`,`CODE`,`description`,`effectiveDate`,`DISPLAY`,`INDEX_STATUS`,`CODESYSTEM_ID`,`definitionStatusId`,`moduleId`) VALUES (557,NULL,'2017-09-13 11:43:34.493000',NULL,NULL,0,NULL,'et',NULL,NULL,'Estonian',NULL,12,NULL,NULL);
INSERT INTO `Concept` (`CONCEPT_ID`,`RES_DELETED`,`RES_CREATED`,`RES_MESSAGE_REF`,`RES_UPDATED`,`abstractCode`,`active`,`CODE`,`description`,`effectiveDate`,`DISPLAY`,`INDEX_STATUS`,`CODESYSTEM_ID`,`definitionStatusId`,`moduleId`) VALUES (558,NULL,'2017-09-13 11:43:34.495000',NULL,NULL,0,NULL,'ee',NULL,NULL,'Ewe',NULL,12,NULL,NULL);
INSERT INTO `Concept` (`CONCEPT_ID`,`RES_DELETED`,`RES_CREATED`,`RES_MESSAGE_REF`,`RES_UPDATED`,`abstractCode`,`active`,`CODE`,`description`,`effectiveDate`,`DISPLAY`,`INDEX_STATUS`,`CODESYSTEM_ID`,`definitionStatusId`,`moduleId`) VALUES (559,NULL,'2017-09-13 11:43:34.497000',NULL,NULL,0,NULL,'fo',NULL,NULL,'Faroese',NULL,12,NULL,NULL);
INSERT INTO `Concept` (`CONCEPT_ID`,`RES_DELETED`,`RES_CREATED`,`RES_MESSAGE_REF`,`RES_UPDATED`,`abstractCode`,`active`,`CODE`,`description`,`effectiveDate`,`DISPLAY`,`INDEX_STATUS`,`CODESYSTEM_ID`,`definitionStatusId`,`moduleId`) VALUES (560,NULL,'2017-09-13 11:43:34.499000',NULL,NULL,0,NULL,'fa',NULL,NULL,'Persian',NULL,12,NULL,NULL);
INSERT INTO `Concept` (`CONCEPT_ID`,`RES_DELETED`,`RES_CREATED`,`RES_MESSAGE_REF`,`RES_UPDATED`,`abstractCode`,`active`,`CODE`,`description`,`effectiveDate`,`DISPLAY`,`INDEX_STATUS`,`CODESYSTEM_ID`,`definitionStatusId`,`moduleId`) VALUES (561,NULL,'2017-09-13 11:43:34.500000',NULL,NULL,0,NULL,'fj',NULL,NULL,'Fijian',NULL,12,NULL,NULL);
INSERT INTO `Concept` (`CONCEPT_ID`,`RES_DELETED`,`RES_CREATED`,`RES_MESSAGE_REF`,`RES_UPDATED`,`abstractCode`,`active`,`CODE`,`description`,`effectiveDate`,`DISPLAY`,`INDEX_STATUS`,`CODESYSTEM_ID`,`definitionStatusId`,`moduleId`) VALUES (562,NULL,'2017-09-13 11:43:34.502000',NULL,NULL,0,NULL,'fi',NULL,NULL,'Finnish',NULL,12,NULL,NULL);
INSERT INTO `Concept` (`CONCEPT_ID`,`RES_DELETED`,`RES_CREATED`,`RES_MESSAGE_REF`,`RES_UPDATED`,`abstractCode`,`active`,`CODE`,`description`,`effectiveDate`,`DISPLAY`,`INDEX_STATUS`,`CODESYSTEM_ID`,`definitionStatusId`,`moduleId`) VALUES (563,NULL,'2017-09-13 11:43:34.504000',NULL,NULL,0,NULL,'fr',NULL,NULL,'French',NULL,12,NULL,NULL);
INSERT INTO `Concept` (`CONCEPT_ID`,`RES_DELETED`,`RES_CREATED`,`RES_MESSAGE_REF`,`RES_UPDATED`,`abstractCode`,`active`,`CODE`,`description`,`effectiveDate`,`DISPLAY`,`INDEX_STATUS`,`CODESYSTEM_ID`,`definitionStatusId`,`moduleId`) VALUES (564,NULL,'2017-09-13 11:43:34.593000',NULL,NULL,0,NULL,'fy',NULL,NULL,'Western Frisian',NULL,12,NULL,NULL);
INSERT INTO `Concept` (`CONCEPT_ID`,`RES_DELETED`,`RES_CREATED`,`RES_MESSAGE_REF`,`RES_UPDATED`,`abstractCode`,`active`,`CODE`,`description`,`effectiveDate`,`DISPLAY`,`INDEX_STATUS`,`CODESYSTEM_ID`,`definitionStatusId`,`moduleId`) VALUES (565,NULL,'2017-09-13 11:43:34.595000',NULL,NULL,0,NULL,'ff',NULL,NULL,'Fulah',NULL,12,NULL,NULL);
INSERT INTO `Concept` (`CONCEPT_ID`,`RES_DELETED`,`RES_CREATED`,`RES_MESSAGE_REF`,`RES_UPDATED`,`abstractCode`,`active`,`CODE`,`description`,`effectiveDate`,`DISPLAY`,`INDEX_STATUS`,`CODESYSTEM_ID`,`definitionStatusId`,`moduleId`) VALUES (566,NULL,'2017-09-13 11:43:34.597000',NULL,NULL,0,NULL,'ka',NULL,NULL,'Georgian',NULL,12,NULL,NULL);
INSERT INTO `Concept` (`CONCEPT_ID`,`RES_DELETED`,`RES_CREATED`,`RES_MESSAGE_REF`,`RES_UPDATED`,`abstractCode`,`active`,`CODE`,`description`,`effectiveDate`,`DISPLAY`,`INDEX_STATUS`,`CODESYSTEM_ID`,`definitionStatusId`,`moduleId`) VALUES (567,NULL,'2017-09-13 11:43:34.599000',NULL,NULL,0,NULL,'gd',NULL,NULL,'Gaelic; Scottish Gaelic',NULL,12,NULL,NULL);
INSERT INTO `Concept` (`CONCEPT_ID`,`RES_DELETED`,`RES_CREATED`,`RES_MESSAGE_REF`,`RES_UPDATED`,`abstractCode`,`active`,`CODE`,`description`,`effectiveDate`,`DISPLAY`,`INDEX_STATUS`,`CODESYSTEM_ID`,`definitionStatusId`,`moduleId`) VALUES (568,NULL,'2017-09-13 11:43:34.621000',NULL,NULL,0,NULL,'ga',NULL,NULL,'Irish',NULL,12,NULL,NULL);
INSERT INTO `Concept` (`CONCEPT_ID`,`RES_DELETED`,`RES_CREATED`,`RES_MESSAGE_REF`,`RES_UPDATED`,`abstractCode`,`active`,`CODE`,`description`,`effectiveDate`,`DISPLAY`,`INDEX_STATUS`,`CODESYSTEM_ID`,`definitionStatusId`,`moduleId`) VALUES (569,NULL,'2017-09-13 11:43:34.623000',NULL,NULL,0,NULL,'gl',NULL,NULL,'Galician',NULL,12,NULL,NULL);
INSERT INTO `Concept` (`CONCEPT_ID`,`RES_DELETED`,`RES_CREATED`,`RES_MESSAGE_REF`,`RES_UPDATED`,`abstractCode`,`active`,`CODE`,`description`,`effectiveDate`,`DISPLAY`,`INDEX_STATUS`,`CODESYSTEM_ID`,`definitionStatusId`,`moduleId`) VALUES (570,NULL,'2017-09-13 11:43:34.625000',NULL,NULL,0,NULL,'gv',NULL,NULL,'Manx',NULL,12,NULL,NULL);
INSERT INTO `Concept` (`CONCEPT_ID`,`RES_DELETED`,`RES_CREATED`,`RES_MESSAGE_REF`,`RES_UPDATED`,`abstractCode`,`active`,`CODE`,`description`,`effectiveDate`,`DISPLAY`,`INDEX_STATUS`,`CODESYSTEM_ID`,`definitionStatusId`,`moduleId`) VALUES (571,NULL,'2017-09-13 11:43:34.686000',NULL,NULL,0,NULL,'gn',NULL,NULL,'Guarani',NULL,12,NULL,NULL);
INSERT INTO `Concept` (`CONCEPT_ID`,`RES_DELETED`,`RES_CREATED`,`RES_MESSAGE_REF`,`RES_UPDATED`,`abstractCode`,`active`,`CODE`,`description`,`effectiveDate`,`DISPLAY`,`INDEX_STATUS`,`CODESYSTEM_ID`,`definitionStatusId`,`moduleId`) VALUES (572,NULL,'2017-09-13 11:43:34.688000',NULL,NULL,0,NULL,'gu',NULL,NULL,'Gujarati',NULL,12,NULL,NULL);
INSERT INTO `Concept` (`CONCEPT_ID`,`RES_DELETED`,`RES_CREATED`,`RES_MESSAGE_REF`,`RES_UPDATED`,`abstractCode`,`active`,`CODE`,`description`,`effectiveDate`,`DISPLAY`,`INDEX_STATUS`,`CODESYSTEM_ID`,`definitionStatusId`,`moduleId`) VALUES (573,NULL,'2017-09-13 11:43:34.689000',NULL,NULL,0,NULL,'ht',NULL,NULL,'Haitian; Haitian Creole',NULL,12,NULL,NULL);
INSERT INTO `Concept` (`CONCEPT_ID`,`RES_DELETED`,`RES_CREATED`,`RES_MESSAGE_REF`,`RES_UPDATED`,`abstractCode`,`active`,`CODE`,`description`,`effectiveDate`,`DISPLAY`,`INDEX_STATUS`,`CODESYSTEM_ID`,`definitionStatusId`,`moduleId`) VALUES (574,NULL,'2017-09-13 11:43:34.691000',NULL,NULL,0,NULL,'ha',NULL,NULL,'Hausa',NULL,12,NULL,NULL);
INSERT INTO `Concept` (`CONCEPT_ID`,`RES_DELETED`,`RES_CREATED`,`RES_MESSAGE_REF`,`RES_UPDATED`,`abstractCode`,`active`,`CODE`,`description`,`effectiveDate`,`DISPLAY`,`INDEX_STATUS`,`CODESYSTEM_ID`,`definitionStatusId`,`moduleId`) VALUES (575,NULL,'2017-09-13 11:43:34.692000',NULL,NULL,0,NULL,'he',NULL,NULL,'Hebrew',NULL,12,NULL,NULL);
INSERT INTO `Concept` (`CONCEPT_ID`,`RES_DELETED`,`RES_CREATED`,`RES_MESSAGE_REF`,`RES_UPDATED`,`abstractCode`,`active`,`CODE`,`description`,`effectiveDate`,`DISPLAY`,`INDEX_STATUS`,`CODESYSTEM_ID`,`definitionStatusId`,`moduleId`) VALUES (576,NULL,'2017-09-13 11:43:34.694000',NULL,NULL,0,NULL,'hz',NULL,NULL,'Herero',NULL,12,NULL,NULL);
INSERT INTO `Concept` (`CONCEPT_ID`,`RES_DELETED`,`RES_CREATED`,`RES_MESSAGE_REF`,`RES_UPDATED`,`abstractCode`,`active`,`CODE`,`description`,`effectiveDate`,`DISPLAY`,`INDEX_STATUS`,`CODESYSTEM_ID`,`definitionStatusId`,`moduleId`) VALUES (577,NULL,'2017-09-13 11:43:34.696000',NULL,NULL,0,NULL,'hi',NULL,NULL,'Hindi',NULL,12,NULL,NULL);
INSERT INTO `Concept` (`CONCEPT_ID`,`RES_DELETED`,`RES_CREATED`,`RES_MESSAGE_REF`,`RES_UPDATED`,`abstractCode`,`active`,`CODE`,`description`,`effectiveDate`,`DISPLAY`,`INDEX_STATUS`,`CODESYSTEM_ID`,`definitionStatusId`,`moduleId`) VALUES (578,NULL,'2017-09-13 11:43:34.697000',NULL,NULL,0,NULL,'ho',NULL,NULL,'Hiri Motu',NULL,12,NULL,NULL);
INSERT INTO `Concept` (`CONCEPT_ID`,`RES_DELETED`,`RES_CREATED`,`RES_MESSAGE_REF`,`RES_UPDATED`,`abstractCode`,`active`,`CODE`,`description`,`effectiveDate`,`DISPLAY`,`INDEX_STATUS`,`CODESYSTEM_ID`,`definitionStatusId`,`moduleId`) VALUES (579,NULL,'2017-09-13 11:43:34.699000',NULL,NULL,0,NULL,'hr',NULL,NULL,'Croatian',NULL,12,NULL,NULL);
INSERT INTO `Concept` (`CONCEPT_ID`,`RES_DELETED`,`RES_CREATED`,`RES_MESSAGE_REF`,`RES_UPDATED`,`abstractCode`,`active`,`CODE`,`description`,`effectiveDate`,`DISPLAY`,`INDEX_STATUS`,`CODESYSTEM_ID`,`definitionStatusId`,`moduleId`) VALUES (580,NULL,'2017-09-13 11:43:34.700000',NULL,NULL,0,NULL,'hu',NULL,NULL,'Hungarian',NULL,12,NULL,NULL);
INSERT INTO `Concept` (`CONCEPT_ID`,`RES_DELETED`,`RES_CREATED`,`RES_MESSAGE_REF`,`RES_UPDATED`,`abstractCode`,`active`,`CODE`,`description`,`effectiveDate`,`DISPLAY`,`INDEX_STATUS`,`CODESYSTEM_ID`,`definitionStatusId`,`moduleId`) VALUES (581,NULL,'2017-09-13 11:43:34.702000',NULL,NULL,0,NULL,'ig',NULL,NULL,'Igbo',NULL,12,NULL,NULL);
INSERT INTO `Concept` (`CONCEPT_ID`,`RES_DELETED`,`RES_CREATED`,`RES_MESSAGE_REF`,`RES_UPDATED`,`abstractCode`,`active`,`CODE`,`description`,`effectiveDate`,`DISPLAY`,`INDEX_STATUS`,`CODESYSTEM_ID`,`definitionStatusId`,`moduleId`) VALUES (582,NULL,'2017-09-13 11:43:34.704000',NULL,NULL,0,NULL,'is',NULL,NULL,'Icelandic',NULL,12,NULL,NULL);
INSERT INTO `Concept` (`CONCEPT_ID`,`RES_DELETED`,`RES_CREATED`,`RES_MESSAGE_REF`,`RES_UPDATED`,`abstractCode`,`active`,`CODE`,`description`,`effectiveDate`,`DISPLAY`,`INDEX_STATUS`,`CODESYSTEM_ID`,`definitionStatusId`,`moduleId`) VALUES (583,NULL,'2017-09-13 11:43:34.706000',NULL,NULL,0,NULL,'io',NULL,NULL,'Ido',NULL,12,NULL,NULL);
INSERT INTO `Concept` (`CONCEPT_ID`,`RES_DELETED`,`RES_CREATED`,`RES_MESSAGE_REF`,`RES_UPDATED`,`abstractCode`,`active`,`CODE`,`description`,`effectiveDate`,`DISPLAY`,`INDEX_STATUS`,`CODESYSTEM_ID`,`definitionStatusId`,`moduleId`) VALUES (584,NULL,'2017-09-13 11:43:34.708000',NULL,NULL,0,NULL,'ii',NULL,NULL,'Sichuan Yi',NULL,12,NULL,NULL);
INSERT INTO `Concept` (`CONCEPT_ID`,`RES_DELETED`,`RES_CREATED`,`RES_MESSAGE_REF`,`RES_UPDATED`,`abstractCode`,`active`,`CODE`,`description`,`effectiveDate`,`DISPLAY`,`INDEX_STATUS`,`CODESYSTEM_ID`,`definitionStatusId`,`moduleId`) VALUES (585,NULL,'2017-09-13 11:43:34.710000',NULL,NULL,0,NULL,'iu',NULL,NULL,'Inuktitut',NULL,12,NULL,NULL);
INSERT INTO `Concept` (`CONCEPT_ID`,`RES_DELETED`,`RES_CREATED`,`RES_MESSAGE_REF`,`RES_UPDATED`,`abstractCode`,`active`,`CODE`,`description`,`effectiveDate`,`DISPLAY`,`INDEX_STATUS`,`CODESYSTEM_ID`,`definitionStatusId`,`moduleId`) VALUES (586,NULL,'2017-09-13 11:43:34.711000',NULL,NULL,0,NULL,'ie',NULL,NULL,'Interlingue',NULL,12,NULL,NULL);
INSERT INTO `Concept` (`CONCEPT_ID`,`RES_DELETED`,`RES_CREATED`,`RES_MESSAGE_REF`,`RES_UPDATED`,`abstractCode`,`active`,`CODE`,`description`,`effectiveDate`,`DISPLAY`,`INDEX_STATUS`,`CODESYSTEM_ID`,`definitionStatusId`,`moduleId`) VALUES (587,NULL,'2017-09-13 11:43:34.713000',NULL,NULL,0,NULL,'ia',NULL,NULL,'Interlingua (International Auxiliary Language Association)',NULL,12,NULL,NULL);
INSERT INTO `Concept` (`CONCEPT_ID`,`RES_DELETED`,`RES_CREATED`,`RES_MESSAGE_REF`,`RES_UPDATED`,`abstractCode`,`active`,`CODE`,`description`,`effectiveDate`,`DISPLAY`,`INDEX_STATUS`,`CODESYSTEM_ID`,`definitionStatusId`,`moduleId`) VALUES (588,NULL,'2017-09-13 11:43:34.714000',NULL,NULL,0,NULL,'id',NULL,NULL,'Indonesian',NULL,12,NULL,NULL);
INSERT INTO `Concept` (`CONCEPT_ID`,`RES_DELETED`,`RES_CREATED`,`RES_MESSAGE_REF`,`RES_UPDATED`,`abstractCode`,`active`,`CODE`,`description`,`effectiveDate`,`DISPLAY`,`INDEX_STATUS`,`CODESYSTEM_ID`,`definitionStatusId`,`moduleId`) VALUES (589,NULL,'2017-09-13 11:43:34.716000',NULL,NULL,0,NULL,'ik',NULL,NULL,'Inupiaq',NULL,12,NULL,NULL);
INSERT INTO `Concept` (`CONCEPT_ID`,`RES_DELETED`,`RES_CREATED`,`RES_MESSAGE_REF`,`RES_UPDATED`,`abstractCode`,`active`,`CODE`,`description`,`effectiveDate`,`DISPLAY`,`INDEX_STATUS`,`CODESYSTEM_ID`,`definitionStatusId`,`moduleId`) VALUES (590,NULL,'2017-09-13 11:43:34.718000',NULL,NULL,0,NULL,'it',NULL,NULL,'Italian',NULL,12,NULL,NULL);
INSERT INTO `Concept` (`CONCEPT_ID`,`RES_DELETED`,`RES_CREATED`,`RES_MESSAGE_REF`,`RES_UPDATED`,`abstractCode`,`active`,`CODE`,`description`,`effectiveDate`,`DISPLAY`,`INDEX_STATUS`,`CODESYSTEM_ID`,`definitionStatusId`,`moduleId`) VALUES (591,NULL,'2017-09-13 11:43:34.720000',NULL,NULL,0,NULL,'jv',NULL,NULL,'Javanese',NULL,12,NULL,NULL);
INSERT INTO `Concept` (`CONCEPT_ID`,`RES_DELETED`,`RES_CREATED`,`RES_MESSAGE_REF`,`RES_UPDATED`,`abstractCode`,`active`,`CODE`,`description`,`effectiveDate`,`DISPLAY`,`INDEX_STATUS`,`CODESYSTEM_ID`,`definitionStatusId`,`moduleId`) VALUES (592,NULL,'2017-09-13 11:43:34.721000',NULL,NULL,0,NULL,'ja',NULL,NULL,'Japanese',NULL,12,NULL,NULL);
INSERT INTO `Concept` (`CONCEPT_ID`,`RES_DELETED`,`RES_CREATED`,`RES_MESSAGE_REF`,`RES_UPDATED`,`abstractCode`,`active`,`CODE`,`description`,`effectiveDate`,`DISPLAY`,`INDEX_STATUS`,`CODESYSTEM_ID`,`definitionStatusId`,`moduleId`) VALUES (593,NULL,'2017-09-13 11:43:34.723000',NULL,NULL,0,NULL,'kl',NULL,NULL,'Kalaallisut; Greenlandic',NULL,12,NULL,NULL);
INSERT INTO `Concept` (`CONCEPT_ID`,`RES_DELETED`,`RES_CREATED`,`RES_MESSAGE_REF`,`RES_UPDATED`,`abstractCode`,`active`,`CODE`,`description`,`effectiveDate`,`DISPLAY`,`INDEX_STATUS`,`CODESYSTEM_ID`,`definitionStatusId`,`moduleId`) VALUES (594,NULL,'2017-09-13 11:43:34.724000',NULL,NULL,0,NULL,'kn',NULL,NULL,'Kannada',NULL,12,NULL,NULL);
INSERT INTO `Concept` (`CONCEPT_ID`,`RES_DELETED`,`RES_CREATED`,`RES_MESSAGE_REF`,`RES_UPDATED`,`abstractCode`,`active`,`CODE`,`description`,`effectiveDate`,`DISPLAY`,`INDEX_STATUS`,`CODESYSTEM_ID`,`definitionStatusId`,`moduleId`) VALUES (595,NULL,'2017-09-13 11:43:34.726000',NULL,NULL,0,NULL,'ks',NULL,NULL,'Kashmiri',NULL,12,NULL,NULL);
INSERT INTO `Concept` (`CONCEPT_ID`,`RES_DELETED`,`RES_CREATED`,`RES_MESSAGE_REF`,`RES_UPDATED`,`abstractCode`,`active`,`CODE`,`description`,`effectiveDate`,`DISPLAY`,`INDEX_STATUS`,`CODESYSTEM_ID`,`definitionStatusId`,`moduleId`) VALUES (596,NULL,'2017-09-13 11:43:34.728000',NULL,NULL,0,NULL,'kr',NULL,NULL,'Kanuri',NULL,12,NULL,NULL);
INSERT INTO `Concept` (`CONCEPT_ID`,`RES_DELETED`,`RES_CREATED`,`RES_MESSAGE_REF`,`RES_UPDATED`,`abstractCode`,`active`,`CODE`,`description`,`effectiveDate`,`DISPLAY`,`INDEX_STATUS`,`CODESYSTEM_ID`,`definitionStatusId`,`moduleId`) VALUES (597,NULL,'2017-09-13 11:43:34.730000',NULL,NULL,0,NULL,'kk',NULL,NULL,'Kazakh',NULL,12,NULL,NULL);
INSERT INTO `Concept` (`CONCEPT_ID`,`RES_DELETED`,`RES_CREATED`,`RES_MESSAGE_REF`,`RES_UPDATED`,`abstractCode`,`active`,`CODE`,`description`,`effectiveDate`,`DISPLAY`,`INDEX_STATUS`,`CODESYSTEM_ID`,`definitionStatusId`,`moduleId`) VALUES (598,NULL,'2017-09-13 11:43:34.732000',NULL,NULL,0,NULL,'km',NULL,NULL,'Central Khmer',NULL,12,NULL,NULL);
INSERT INTO `Concept` (`CONCEPT_ID`,`RES_DELETED`,`RES_CREATED`,`RES_MESSAGE_REF`,`RES_UPDATED`,`abstractCode`,`active`,`CODE`,`description`,`effectiveDate`,`DISPLAY`,`INDEX_STATUS`,`CODESYSTEM_ID`,`definitionStatusId`,`moduleId`) VALUES (599,NULL,'2017-09-13 11:43:34.734000',NULL,NULL,0,NULL,'ki',NULL,NULL,'Kikuyu; Gikuyu',NULL,12,NULL,NULL);
INSERT INTO `Concept` (`CONCEPT_ID`,`RES_DELETED`,`RES_CREATED`,`RES_MESSAGE_REF`,`RES_UPDATED`,`abstractCode`,`active`,`CODE`,`description`,`effectiveDate`,`DISPLAY`,`INDEX_STATUS`,`CODESYSTEM_ID`,`definitionStatusId`,`moduleId`) VALUES (600,NULL,'2017-09-13 11:43:34.736000',NULL,NULL,0,NULL,'rw',NULL,NULL,'Kinyarwanda',NULL,12,NULL,NULL);
INSERT INTO `Concept` (`CONCEPT_ID`,`RES_DELETED`,`RES_CREATED`,`RES_MESSAGE_REF`,`RES_UPDATED`,`abstractCode`,`active`,`CODE`,`description`,`effectiveDate`,`DISPLAY`,`INDEX_STATUS`,`CODESYSTEM_ID`,`definitionStatusId`,`moduleId`) VALUES (601,NULL,'2017-09-13 11:43:34.738000',NULL,NULL,0,NULL,'ky',NULL,NULL,'Kirghiz; Kyrgyz',NULL,12,NULL,NULL);
INSERT INTO `Concept` (`CONCEPT_ID`,`RES_DELETED`,`RES_CREATED`,`RES_MESSAGE_REF`,`RES_UPDATED`,`abstractCode`,`active`,`CODE`,`description`,`effectiveDate`,`DISPLAY`,`INDEX_STATUS`,`CODESYSTEM_ID`,`definitionStatusId`,`moduleId`) VALUES (602,NULL,'2017-09-13 11:43:34.740000',NULL,NULL,0,NULL,'kv',NULL,NULL,'Komi',NULL,12,NULL,NULL);
INSERT INTO `Concept` (`CONCEPT_ID`,`RES_DELETED`,`RES_CREATED`,`RES_MESSAGE_REF`,`RES_UPDATED`,`abstractCode`,`active`,`CODE`,`description`,`effectiveDate`,`DISPLAY`,`INDEX_STATUS`,`CODESYSTEM_ID`,`definitionStatusId`,`moduleId`) VALUES (603,NULL,'2017-09-13 11:43:34.742000',NULL,NULL,0,NULL,'kg',NULL,NULL,'Kongo',NULL,12,NULL,NULL);
INSERT INTO `Concept` (`CONCEPT_ID`,`RES_DELETED`,`RES_CREATED`,`RES_MESSAGE_REF`,`RES_UPDATED`,`abstractCode`,`active`,`CODE`,`description`,`effectiveDate`,`DISPLAY`,`INDEX_STATUS`,`CODESYSTEM_ID`,`definitionStatusId`,`moduleId`) VALUES (604,NULL,'2017-09-13 11:43:34.744000',NULL,NULL,0,NULL,'ko',NULL,NULL,'Korean',NULL,12,NULL,NULL);
INSERT INTO `Concept` (`CONCEPT_ID`,`RES_DELETED`,`RES_CREATED`,`RES_MESSAGE_REF`,`RES_UPDATED`,`abstractCode`,`active`,`CODE`,`description`,`effectiveDate`,`DISPLAY`,`INDEX_STATUS`,`CODESYSTEM_ID`,`definitionStatusId`,`moduleId`) VALUES (605,NULL,'2017-09-13 11:43:34.746000',NULL,NULL,0,NULL,'kj',NULL,NULL,'Kuanyama; Kwanyama',NULL,12,NULL,NULL);
INSERT INTO `Concept` (`CONCEPT_ID`,`RES_DELETED`,`RES_CREATED`,`RES_MESSAGE_REF`,`RES_UPDATED`,`abstractCode`,`active`,`CODE`,`description`,`effectiveDate`,`DISPLAY`,`INDEX_STATUS`,`CODESYSTEM_ID`,`definitionStatusId`,`moduleId`) VALUES (606,NULL,'2017-09-13 11:43:34.748000',NULL,NULL,0,NULL,'ku',NULL,NULL,'Kurdish',NULL,12,NULL,NULL);
INSERT INTO `Concept` (`CONCEPT_ID`,`RES_DELETED`,`RES_CREATED`,`RES_MESSAGE_REF`,`RES_UPDATED`,`abstractCode`,`active`,`CODE`,`description`,`effectiveDate`,`DISPLAY`,`INDEX_STATUS`,`CODESYSTEM_ID`,`definitionStatusId`,`moduleId`) VALUES (607,NULL,'2017-09-13 11:43:34.750000',NULL,NULL,0,NULL,'lo',NULL,NULL,'Lao',NULL,12,NULL,NULL);
INSERT INTO `Concept` (`CONCEPT_ID`,`RES_DELETED`,`RES_CREATED`,`RES_MESSAGE_REF`,`RES_UPDATED`,`abstractCode`,`active`,`CODE`,`description`,`effectiveDate`,`DISPLAY`,`INDEX_STATUS`,`CODESYSTEM_ID`,`definitionStatusId`,`moduleId`) VALUES (608,NULL,'2017-09-13 11:43:34.752000',NULL,NULL,0,NULL,'la',NULL,NULL,'Latin',NULL,12,NULL,NULL);
INSERT INTO `Concept` (`CONCEPT_ID`,`RES_DELETED`,`RES_CREATED`,`RES_MESSAGE_REF`,`RES_UPDATED`,`abstractCode`,`active`,`CODE`,`description`,`effectiveDate`,`DISPLAY`,`INDEX_STATUS`,`CODESYSTEM_ID`,`definitionStatusId`,`moduleId`) VALUES (609,NULL,'2017-09-13 11:43:34.754000',NULL,NULL,0,NULL,'lv',NULL,NULL,'Latvian',NULL,12,NULL,NULL);
INSERT INTO `Concept` (`CONCEPT_ID`,`RES_DELETED`,`RES_CREATED`,`RES_MESSAGE_REF`,`RES_UPDATED`,`abstractCode`,`active`,`CODE`,`description`,`effectiveDate`,`DISPLAY`,`INDEX_STATUS`,`CODESYSTEM_ID`,`definitionStatusId`,`moduleId`) VALUES (610,NULL,'2017-09-13 11:43:34.756000',NULL,NULL,0,NULL,'li',NULL,NULL,'Limburgan; Limburger; Limburgish',NULL,12,NULL,NULL);
INSERT INTO `Concept` (`CONCEPT_ID`,`RES_DELETED`,`RES_CREATED`,`RES_MESSAGE_REF`,`RES_UPDATED`,`abstractCode`,`active`,`CODE`,`description`,`effectiveDate`,`DISPLAY`,`INDEX_STATUS`,`CODESYSTEM_ID`,`definitionStatusId`,`moduleId`) VALUES (611,NULL,'2017-09-13 11:43:34.757000',NULL,NULL,0,NULL,'ln',NULL,NULL,'Lingala',NULL,12,NULL,NULL);
INSERT INTO `Concept` (`CONCEPT_ID`,`RES_DELETED`,`RES_CREATED`,`RES_MESSAGE_REF`,`RES_UPDATED`,`abstractCode`,`active`,`CODE`,`description`,`effectiveDate`,`DISPLAY`,`INDEX_STATUS`,`CODESYSTEM_ID`,`definitionStatusId`,`moduleId`) VALUES (612,NULL,'2017-09-13 11:43:34.759000',NULL,NULL,0,NULL,'lt',NULL,NULL,'Lithuanian',NULL,12,NULL,NULL);
INSERT INTO `Concept` (`CONCEPT_ID`,`RES_DELETED`,`RES_CREATED`,`RES_MESSAGE_REF`,`RES_UPDATED`,`abstractCode`,`active`,`CODE`,`description`,`effectiveDate`,`DISPLAY`,`INDEX_STATUS`,`CODESYSTEM_ID`,`definitionStatusId`,`moduleId`) VALUES (613,NULL,'2017-09-13 11:43:34.761000',NULL,NULL,0,NULL,'lb',NULL,NULL,'Luxembourgish; Letzeburgesch',NULL,12,NULL,NULL);
INSERT INTO `Concept` (`CONCEPT_ID`,`RES_DELETED`,`RES_CREATED`,`RES_MESSAGE_REF`,`RES_UPDATED`,`abstractCode`,`active`,`CODE`,`description`,`effectiveDate`,`DISPLAY`,`INDEX_STATUS`,`CODESYSTEM_ID`,`definitionStatusId`,`moduleId`) VALUES (614,NULL,'2017-09-13 11:43:34.762000',NULL,NULL,0,NULL,'lu',NULL,NULL,'Luba-Katanga',NULL,12,NULL,NULL);
INSERT INTO `Concept` (`CONCEPT_ID`,`RES_DELETED`,`RES_CREATED`,`RES_MESSAGE_REF`,`RES_UPDATED`,`abstractCode`,`active`,`CODE`,`description`,`effectiveDate`,`DISPLAY`,`INDEX_STATUS`,`CODESYSTEM_ID`,`definitionStatusId`,`moduleId`) VALUES (615,NULL,'2017-09-13 11:43:34.764000',NULL,NULL,0,NULL,'lg',NULL,NULL,'Ganda',NULL,12,NULL,NULL);
INSERT INTO `Concept` (`CONCEPT_ID`,`RES_DELETED`,`RES_CREATED`,`RES_MESSAGE_REF`,`RES_UPDATED`,`abstractCode`,`active`,`CODE`,`description`,`effectiveDate`,`DISPLAY`,`INDEX_STATUS`,`CODESYSTEM_ID`,`definitionStatusId`,`moduleId`) VALUES (616,NULL,'2017-09-13 11:43:34.766000',NULL,NULL,0,NULL,'mk',NULL,NULL,'Macedonian',NULL,12,NULL,NULL);
INSERT INTO `Concept` (`CONCEPT_ID`,`RES_DELETED`,`RES_CREATED`,`RES_MESSAGE_REF`,`RES_UPDATED`,`abstractCode`,`active`,`CODE`,`description`,`effectiveDate`,`DISPLAY`,`INDEX_STATUS`,`CODESYSTEM_ID`,`definitionStatusId`,`moduleId`) VALUES (617,NULL,'2017-09-13 11:43:34.768000',NULL,NULL,0,NULL,'mh',NULL,NULL,'Marshallese',NULL,12,NULL,NULL);
INSERT INTO `Concept` (`CONCEPT_ID`,`RES_DELETED`,`RES_CREATED`,`RES_MESSAGE_REF`,`RES_UPDATED`,`abstractCode`,`active`,`CODE`,`description`,`effectiveDate`,`DISPLAY`,`INDEX_STATUS`,`CODESYSTEM_ID`,`definitionStatusId`,`moduleId`) VALUES (618,NULL,'2017-09-13 11:43:34.770000',NULL,NULL,0,NULL,'ml',NULL,NULL,'Malayalam',NULL,12,NULL,NULL);
INSERT INTO `Concept` (`CONCEPT_ID`,`RES_DELETED`,`RES_CREATED`,`RES_MESSAGE_REF`,`RES_UPDATED`,`abstractCode`,`active`,`CODE`,`description`,`effectiveDate`,`DISPLAY`,`INDEX_STATUS`,`CODESYSTEM_ID`,`definitionStatusId`,`moduleId`) VALUES (619,NULL,'2017-09-13 11:43:34.773000',NULL,NULL,0,NULL,'mi',NULL,NULL,'Maori',NULL,12,NULL,NULL);
INSERT INTO `Concept` (`CONCEPT_ID`,`RES_DELETED`,`RES_CREATED`,`RES_MESSAGE_REF`,`RES_UPDATED`,`abstractCode`,`active`,`CODE`,`description`,`effectiveDate`,`DISPLAY`,`INDEX_STATUS`,`CODESYSTEM_ID`,`definitionStatusId`,`moduleId`) VALUES (620,NULL,'2017-09-13 11:43:34.775000',NULL,NULL,0,NULL,'mr',NULL,NULL,'Marathi',NULL,12,NULL,NULL);
INSERT INTO `Concept` (`CONCEPT_ID`,`RES_DELETED`,`RES_CREATED`,`RES_MESSAGE_REF`,`RES_UPDATED`,`abstractCode`,`active`,`CODE`,`description`,`effectiveDate`,`DISPLAY`,`INDEX_STATUS`,`CODESYSTEM_ID`,`definitionStatusId`,`moduleId`) VALUES (621,NULL,'2017-09-13 11:43:34.777000',NULL,NULL,0,NULL,'ms',NULL,NULL,'Malay',NULL,12,NULL,NULL);
INSERT INTO `Concept` (`CONCEPT_ID`,`RES_DELETED`,`RES_CREATED`,`RES_MESSAGE_REF`,`RES_UPDATED`,`abstractCode`,`active`,`CODE`,`description`,`effectiveDate`,`DISPLAY`,`INDEX_STATUS`,`CODESYSTEM_ID`,`definitionStatusId`,`moduleId`) VALUES (622,NULL,'2017-09-13 11:43:34.779000',NULL,NULL,0,NULL,'mg',NULL,NULL,'Malagasy',NULL,12,NULL,NULL);
INSERT INTO `Concept` (`CONCEPT_ID`,`RES_DELETED`,`RES_CREATED`,`RES_MESSAGE_REF`,`RES_UPDATED`,`abstractCode`,`active`,`CODE`,`description`,`effectiveDate`,`DISPLAY`,`INDEX_STATUS`,`CODESYSTEM_ID`,`definitionStatusId`,`moduleId`) VALUES (623,NULL,'2017-09-13 11:43:34.781000',NULL,NULL,0,NULL,'mt',NULL,NULL,'Maltese',NULL,12,NULL,NULL);
INSERT INTO `Concept` (`CONCEPT_ID`,`RES_DELETED`,`RES_CREATED`,`RES_MESSAGE_REF`,`RES_UPDATED`,`abstractCode`,`active`,`CODE`,`description`,`effectiveDate`,`DISPLAY`,`INDEX_STATUS`,`CODESYSTEM_ID`,`definitionStatusId`,`moduleId`) VALUES (624,NULL,'2017-09-13 11:43:34.783000',NULL,NULL,0,NULL,'mo',NULL,NULL,'Moldavian',NULL,12,NULL,NULL);
INSERT INTO `Concept` (`CONCEPT_ID`,`RES_DELETED`,`RES_CREATED`,`RES_MESSAGE_REF`,`RES_UPDATED`,`abstractCode`,`active`,`CODE`,`description`,`effectiveDate`,`DISPLAY`,`INDEX_STATUS`,`CODESYSTEM_ID`,`definitionStatusId`,`moduleId`) VALUES (625,NULL,'2017-09-13 11:43:34.785000',NULL,NULL,0,NULL,'mn',NULL,NULL,'Mongolian',NULL,12,NULL,NULL);
INSERT INTO `Concept` (`CONCEPT_ID`,`RES_DELETED`,`RES_CREATED`,`RES_MESSAGE_REF`,`RES_UPDATED`,`abstractCode`,`active`,`CODE`,`description`,`effectiveDate`,`DISPLAY`,`INDEX_STATUS`,`CODESYSTEM_ID`,`definitionStatusId`,`moduleId`) VALUES (626,NULL,'2017-09-13 11:43:34.787000',NULL,NULL,0,NULL,'na',NULL,NULL,'Nauru',NULL,12,NULL,NULL);
INSERT INTO `Concept` (`CONCEPT_ID`,`RES_DELETED`,`RES_CREATED`,`RES_MESSAGE_REF`,`RES_UPDATED`,`abstractCode`,`active`,`CODE`,`description`,`effectiveDate`,`DISPLAY`,`INDEX_STATUS`,`CODESYSTEM_ID`,`definitionStatusId`,`moduleId`) VALUES (627,NULL,'2017-09-13 11:43:34.788000',NULL,NULL,0,NULL,'nv',NULL,NULL,'Navajo; Navaho',NULL,12,NULL,NULL);
INSERT INTO `Concept` (`CONCEPT_ID`,`RES_DELETED`,`RES_CREATED`,`RES_MESSAGE_REF`,`RES_UPDATED`,`abstractCode`,`active`,`CODE`,`description`,`effectiveDate`,`DISPLAY`,`INDEX_STATUS`,`CODESYSTEM_ID`,`definitionStatusId`,`moduleId`) VALUES (628,NULL,'2017-09-13 11:43:34.790000',NULL,NULL,0,NULL,'nr',NULL,NULL,'Ndebele, South; South Ndebele',NULL,12,NULL,NULL);
INSERT INTO `Concept` (`CONCEPT_ID`,`RES_DELETED`,`RES_CREATED`,`RES_MESSAGE_REF`,`RES_UPDATED`,`abstractCode`,`active`,`CODE`,`description`,`effectiveDate`,`DISPLAY`,`INDEX_STATUS`,`CODESYSTEM_ID`,`definitionStatusId`,`moduleId`) VALUES (629,NULL,'2017-09-13 11:43:34.791000',NULL,NULL,0,NULL,'nd',NULL,NULL,'Ndebele, North; North Ndebele',NULL,12,NULL,NULL);
INSERT INTO `Concept` (`CONCEPT_ID`,`RES_DELETED`,`RES_CREATED`,`RES_MESSAGE_REF`,`RES_UPDATED`,`abstractCode`,`active`,`CODE`,`description`,`effectiveDate`,`DISPLAY`,`INDEX_STATUS`,`CODESYSTEM_ID`,`definitionStatusId`,`moduleId`) VALUES (630,NULL,'2017-09-13 11:43:34.793000',NULL,NULL,0,NULL,'ng',NULL,NULL,'Ndonga',NULL,12,NULL,NULL);
INSERT INTO `Concept` (`CONCEPT_ID`,`RES_DELETED`,`RES_CREATED`,`RES_MESSAGE_REF`,`RES_UPDATED`,`abstractCode`,`active`,`CODE`,`description`,`effectiveDate`,`DISPLAY`,`INDEX_STATUS`,`CODESYSTEM_ID`,`definitionStatusId`,`moduleId`) VALUES (631,NULL,'2017-09-13 11:43:34.795000',NULL,NULL,0,NULL,'ne',NULL,NULL,'Nepali',NULL,12,NULL,NULL);
INSERT INTO `Concept` (`CONCEPT_ID`,`RES_DELETED`,`RES_CREATED`,`RES_MESSAGE_REF`,`RES_UPDATED`,`abstractCode`,`active`,`CODE`,`description`,`effectiveDate`,`DISPLAY`,`INDEX_STATUS`,`CODESYSTEM_ID`,`definitionStatusId`,`moduleId`) VALUES (632,NULL,'2017-09-13 11:43:34.797000',NULL,NULL,0,NULL,'nn',NULL,NULL,'Norwegian Nynorsk; Nynorsk, Norwegian',NULL,12,NULL,NULL);
INSERT INTO `Concept` (`CONCEPT_ID`,`RES_DELETED`,`RES_CREATED`,`RES_MESSAGE_REF`,`RES_UPDATED`,`abstractCode`,`active`,`CODE`,`description`,`effectiveDate`,`DISPLAY`,`INDEX_STATUS`,`CODESYSTEM_ID`,`definitionStatusId`,`moduleId`) VALUES (633,NULL,'2017-09-13 11:43:34.799000',NULL,NULL,0,NULL,'nb',NULL,NULL,'Bokmal, Norwegian; Norwegian Bokmal',NULL,12,NULL,NULL);
INSERT INTO `Concept` (`CONCEPT_ID`,`RES_DELETED`,`RES_CREATED`,`RES_MESSAGE_REF`,`RES_UPDATED`,`abstractCode`,`active`,`CODE`,`description`,`effectiveDate`,`DISPLAY`,`INDEX_STATUS`,`CODESYSTEM_ID`,`definitionStatusId`,`moduleId`) VALUES (634,NULL,'2017-09-13 11:43:34.801000',NULL,NULL,0,NULL,'no',NULL,NULL,'Norwegian',NULL,12,NULL,NULL);
INSERT INTO `Concept` (`CONCEPT_ID`,`RES_DELETED`,`RES_CREATED`,`RES_MESSAGE_REF`,`RES_UPDATED`,`abstractCode`,`active`,`CODE`,`description`,`effectiveDate`,`DISPLAY`,`INDEX_STATUS`,`CODESYSTEM_ID`,`definitionStatusId`,`moduleId`) VALUES (635,NULL,'2017-09-13 11:43:34.803000',NULL,NULL,0,NULL,'ny',NULL,NULL,'Chichewa; Chewa; Nyanja',NULL,12,NULL,NULL);
INSERT INTO `Concept` (`CONCEPT_ID`,`RES_DELETED`,`RES_CREATED`,`RES_MESSAGE_REF`,`RES_UPDATED`,`abstractCode`,`active`,`CODE`,`description`,`effectiveDate`,`DISPLAY`,`INDEX_STATUS`,`CODESYSTEM_ID`,`definitionStatusId`,`moduleId`) VALUES (636,NULL,'2017-09-13 11:43:34.882000',NULL,NULL,0,NULL,'oc',NULL,NULL,'Occitan (post1500); Provencal',NULL,12,NULL,NULL);
INSERT INTO `Concept` (`CONCEPT_ID`,`RES_DELETED`,`RES_CREATED`,`RES_MESSAGE_REF`,`RES_UPDATED`,`abstractCode`,`active`,`CODE`,`description`,`effectiveDate`,`DISPLAY`,`INDEX_STATUS`,`CODESYSTEM_ID`,`definitionStatusId`,`moduleId`) VALUES (637,NULL,'2017-09-13 11:43:34.884000',NULL,NULL,0,NULL,'oj',NULL,NULL,'Ojibwa',NULL,12,NULL,NULL);
INSERT INTO `Concept` (`CONCEPT_ID`,`RES_DELETED`,`RES_CREATED`,`RES_MESSAGE_REF`,`RES_UPDATED`,`abstractCode`,`active`,`CODE`,`description`,`effectiveDate`,`DISPLAY`,`INDEX_STATUS`,`CODESYSTEM_ID`,`definitionStatusId`,`moduleId`) VALUES (638,NULL,'2017-09-13 11:43:34.887000',NULL,NULL,0,NULL,'or',NULL,NULL,'Oriya',NULL,12,NULL,NULL);
INSERT INTO `Concept` (`CONCEPT_ID`,`RES_DELETED`,`RES_CREATED`,`RES_MESSAGE_REF`,`RES_UPDATED`,`abstractCode`,`active`,`CODE`,`description`,`effectiveDate`,`DISPLAY`,`INDEX_STATUS`,`CODESYSTEM_ID`,`definitionStatusId`,`moduleId`) VALUES (639,NULL,'2017-09-13 11:43:34.890000',NULL,NULL,0,NULL,'om',NULL,NULL,'Oromo',NULL,12,NULL,NULL);
INSERT INTO `Concept` (`CONCEPT_ID`,`RES_DELETED`,`RES_CREATED`,`RES_MESSAGE_REF`,`RES_UPDATED`,`abstractCode`,`active`,`CODE`,`description`,`effectiveDate`,`DISPLAY`,`INDEX_STATUS`,`CODESYSTEM_ID`,`definitionStatusId`,`moduleId`) VALUES (640,NULL,'2017-09-13 11:43:34.892000',NULL,NULL,0,NULL,'os',NULL,NULL,'Ossetian; Ossetic',NULL,12,NULL,NULL);
INSERT INTO `Concept` (`CONCEPT_ID`,`RES_DELETED`,`RES_CREATED`,`RES_MESSAGE_REF`,`RES_UPDATED`,`abstractCode`,`active`,`CODE`,`description`,`effectiveDate`,`DISPLAY`,`INDEX_STATUS`,`CODESYSTEM_ID`,`definitionStatusId`,`moduleId`) VALUES (641,NULL,'2017-09-13 11:43:34.893000',NULL,NULL,0,NULL,'pa',NULL,NULL,'Panjabi; Punjabi',NULL,12,NULL,NULL);
INSERT INTO `Concept` (`CONCEPT_ID`,`RES_DELETED`,`RES_CREATED`,`RES_MESSAGE_REF`,`RES_UPDATED`,`abstractCode`,`active`,`CODE`,`description`,`effectiveDate`,`DISPLAY`,`INDEX_STATUS`,`CODESYSTEM_ID`,`definitionStatusId`,`moduleId`) VALUES (642,NULL,'2017-09-13 11:43:34.895000',NULL,NULL,0,NULL,'pi',NULL,NULL,'Pali',NULL,12,NULL,NULL);
INSERT INTO `Concept` (`CONCEPT_ID`,`RES_DELETED`,`RES_CREATED`,`RES_MESSAGE_REF`,`RES_UPDATED`,`abstractCode`,`active`,`CODE`,`description`,`effectiveDate`,`DISPLAY`,`INDEX_STATUS`,`CODESYSTEM_ID`,`definitionStatusId`,`moduleId`) VALUES (643,NULL,'2017-09-13 11:43:34.897000',NULL,NULL,0,NULL,'pl',NULL,NULL,'Polish',NULL,12,NULL,NULL);
INSERT INTO `Concept` (`CONCEPT_ID`,`RES_DELETED`,`RES_CREATED`,`RES_MESSAGE_REF`,`RES_UPDATED`,`abstractCode`,`active`,`CODE`,`description`,`effectiveDate`,`DISPLAY`,`INDEX_STATUS`,`CODESYSTEM_ID`,`definitionStatusId`,`moduleId`) VALUES (644,NULL,'2017-09-13 11:43:34.900000',NULL,NULL,0,NULL,'pt',NULL,NULL,'Portuguese',NULL,12,NULL,NULL);
INSERT INTO `Concept` (`CONCEPT_ID`,`RES_DELETED`,`RES_CREATED`,`RES_MESSAGE_REF`,`RES_UPDATED`,`abstractCode`,`active`,`CODE`,`description`,`effectiveDate`,`DISPLAY`,`INDEX_STATUS`,`CODESYSTEM_ID`,`definitionStatusId`,`moduleId`) VALUES (645,NULL,'2017-09-13 11:43:34.902000',NULL,NULL,0,NULL,'ps',NULL,NULL,'Pushto',NULL,12,NULL,NULL);
INSERT INTO `Concept` (`CONCEPT_ID`,`RES_DELETED`,`RES_CREATED`,`RES_MESSAGE_REF`,`RES_UPDATED`,`abstractCode`,`active`,`CODE`,`description`,`effectiveDate`,`DISPLAY`,`INDEX_STATUS`,`CODESYSTEM_ID`,`definitionStatusId`,`moduleId`) VALUES (646,NULL,'2017-09-13 11:43:34.904000',NULL,NULL,0,NULL,'qu',NULL,NULL,'Quechua',NULL,12,NULL,NULL);
INSERT INTO `Concept` (`CONCEPT_ID`,`RES_DELETED`,`RES_CREATED`,`RES_MESSAGE_REF`,`RES_UPDATED`,`abstractCode`,`active`,`CODE`,`description`,`effectiveDate`,`DISPLAY`,`INDEX_STATUS`,`CODESYSTEM_ID`,`definitionStatusId`,`moduleId`) VALUES (647,NULL,'2017-09-13 11:43:34.905000',NULL,NULL,0,NULL,'rm',NULL,NULL,'Romansh',NULL,12,NULL,NULL);
INSERT INTO `Concept` (`CONCEPT_ID`,`RES_DELETED`,`RES_CREATED`,`RES_MESSAGE_REF`,`RES_UPDATED`,`abstractCode`,`active`,`CODE`,`description`,`effectiveDate`,`DISPLAY`,`INDEX_STATUS`,`CODESYSTEM_ID`,`definitionStatusId`,`moduleId`) VALUES (648,NULL,'2017-09-13 11:43:34.907000',NULL,NULL,0,NULL,'ro',NULL,NULL,'Romanian',NULL,12,NULL,NULL);
INSERT INTO `Concept` (`CONCEPT_ID`,`RES_DELETED`,`RES_CREATED`,`RES_MESSAGE_REF`,`RES_UPDATED`,`abstractCode`,`active`,`CODE`,`description`,`effectiveDate`,`DISPLAY`,`INDEX_STATUS`,`CODESYSTEM_ID`,`definitionStatusId`,`moduleId`) VALUES (649,NULL,'2017-09-13 11:43:34.909000',NULL,NULL,0,NULL,'rn',NULL,NULL,'Rundi',NULL,12,NULL,NULL);
INSERT INTO `Concept` (`CONCEPT_ID`,`RES_DELETED`,`RES_CREATED`,`RES_MESSAGE_REF`,`RES_UPDATED`,`abstractCode`,`active`,`CODE`,`description`,`effectiveDate`,`DISPLAY`,`INDEX_STATUS`,`CODESYSTEM_ID`,`definitionStatusId`,`moduleId`) VALUES (650,NULL,'2017-09-13 11:43:34.910000',NULL,NULL,0,NULL,'ru',NULL,NULL,'Russian',NULL,12,NULL,NULL);
INSERT INTO `Concept` (`CONCEPT_ID`,`RES_DELETED`,`RES_CREATED`,`RES_MESSAGE_REF`,`RES_UPDATED`,`abstractCode`,`active`,`CODE`,`description`,`effectiveDate`,`DISPLAY`,`INDEX_STATUS`,`CODESYSTEM_ID`,`definitionStatusId`,`moduleId`) VALUES (651,NULL,'2017-09-13 11:43:34.912000',NULL,NULL,0,NULL,'sg',NULL,NULL,'Sango',NULL,12,NULL,NULL);
INSERT INTO `Concept` (`CONCEPT_ID`,`RES_DELETED`,`RES_CREATED`,`RES_MESSAGE_REF`,`RES_UPDATED`,`abstractCode`,`active`,`CODE`,`description`,`effectiveDate`,`DISPLAY`,`INDEX_STATUS`,`CODESYSTEM_ID`,`definitionStatusId`,`moduleId`) VALUES (652,NULL,'2017-09-13 11:43:34.914000',NULL,NULL,0,NULL,'sa',NULL,NULL,'Sanskrit',NULL,12,NULL,NULL);
INSERT INTO `Concept` (`CONCEPT_ID`,`RES_DELETED`,`RES_CREATED`,`RES_MESSAGE_REF`,`RES_UPDATED`,`abstractCode`,`active`,`CODE`,`description`,`effectiveDate`,`DISPLAY`,`INDEX_STATUS`,`CODESYSTEM_ID`,`definitionStatusId`,`moduleId`) VALUES (653,NULL,'2017-09-13 11:43:34.915000',NULL,NULL,0,NULL,'sr',NULL,NULL,'Serbian',NULL,12,NULL,NULL);
INSERT INTO `Concept` (`CONCEPT_ID`,`RES_DELETED`,`RES_CREATED`,`RES_MESSAGE_REF`,`RES_UPDATED`,`abstractCode`,`active`,`CODE`,`description`,`effectiveDate`,`DISPLAY`,`INDEX_STATUS`,`CODESYSTEM_ID`,`definitionStatusId`,`moduleId`) VALUES (654,NULL,'2017-09-13 11:43:34.918000',NULL,NULL,0,NULL,'si',NULL,NULL,'Sinhala; Sinhalese',NULL,12,NULL,NULL);
INSERT INTO `Concept` (`CONCEPT_ID`,`RES_DELETED`,`RES_CREATED`,`RES_MESSAGE_REF`,`RES_UPDATED`,`abstractCode`,`active`,`CODE`,`description`,`effectiveDate`,`DISPLAY`,`INDEX_STATUS`,`CODESYSTEM_ID`,`definitionStatusId`,`moduleId`) VALUES (655,NULL,'2017-09-13 11:43:34.922000',NULL,NULL,0,NULL,'sk',NULL,NULL,'Slovak',NULL,12,NULL,NULL);
INSERT INTO `Concept` (`CONCEPT_ID`,`RES_DELETED`,`RES_CREATED`,`RES_MESSAGE_REF`,`RES_UPDATED`,`abstractCode`,`active`,`CODE`,`description`,`effectiveDate`,`DISPLAY`,`INDEX_STATUS`,`CODESYSTEM_ID`,`definitionStatusId`,`moduleId`) VALUES (656,NULL,'2017-09-13 11:43:34.926000',NULL,NULL,0,NULL,'sl',NULL,NULL,'Slovenian',NULL,12,NULL,NULL);
INSERT INTO `Concept` (`CONCEPT_ID`,`RES_DELETED`,`RES_CREATED`,`RES_MESSAGE_REF`,`RES_UPDATED`,`abstractCode`,`active`,`CODE`,`description`,`effectiveDate`,`DISPLAY`,`INDEX_STATUS`,`CODESYSTEM_ID`,`definitionStatusId`,`moduleId`) VALUES (657,NULL,'2017-09-13 11:43:34.928000',NULL,NULL,0,NULL,'se',NULL,NULL,'Northern Sami',NULL,12,NULL,NULL);
INSERT INTO `Concept` (`CONCEPT_ID`,`RES_DELETED`,`RES_CREATED`,`RES_MESSAGE_REF`,`RES_UPDATED`,`abstractCode`,`active`,`CODE`,`description`,`effectiveDate`,`DISPLAY`,`INDEX_STATUS`,`CODESYSTEM_ID`,`definitionStatusId`,`moduleId`) VALUES (658,NULL,'2017-09-13 11:43:34.929000',NULL,NULL,0,NULL,'sm',NULL,NULL,'Samoan',NULL,12,NULL,NULL);
INSERT INTO `Concept` (`CONCEPT_ID`,`RES_DELETED`,`RES_CREATED`,`RES_MESSAGE_REF`,`RES_UPDATED`,`abstractCode`,`active`,`CODE`,`description`,`effectiveDate`,`DISPLAY`,`INDEX_STATUS`,`CODESYSTEM_ID`,`definitionStatusId`,`moduleId`) VALUES (659,NULL,'2017-09-13 11:43:34.931000',NULL,NULL,0,NULL,'sn',NULL,NULL,'Shona',NULL,12,NULL,NULL);
INSERT INTO `Concept` (`CONCEPT_ID`,`RES_DELETED`,`RES_CREATED`,`RES_MESSAGE_REF`,`RES_UPDATED`,`abstractCode`,`active`,`CODE`,`description`,`effectiveDate`,`DISPLAY`,`INDEX_STATUS`,`CODESYSTEM_ID`,`definitionStatusId`,`moduleId`) VALUES (660,NULL,'2017-09-13 11:43:34.933000',NULL,NULL,0,NULL,'sd',NULL,NULL,'Sindhi',NULL,12,NULL,NULL);
INSERT INTO `Concept` (`CONCEPT_ID`,`RES_DELETED`,`RES_CREATED`,`RES_MESSAGE_REF`,`RES_UPDATED`,`abstractCode`,`active`,`CODE`,`description`,`effectiveDate`,`DISPLAY`,`INDEX_STATUS`,`CODESYSTEM_ID`,`definitionStatusId`,`moduleId`) VALUES (661,NULL,'2017-09-13 11:43:34.935000',NULL,NULL,0,NULL,'so',NULL,NULL,'Somali',NULL,12,NULL,NULL);
INSERT INTO `Concept` (`CONCEPT_ID`,`RES_DELETED`,`RES_CREATED`,`RES_MESSAGE_REF`,`RES_UPDATED`,`abstractCode`,`active`,`CODE`,`description`,`effectiveDate`,`DISPLAY`,`INDEX_STATUS`,`CODESYSTEM_ID`,`definitionStatusId`,`moduleId`) VALUES (662,NULL,'2017-09-13 11:43:34.936000',NULL,NULL,0,NULL,'st',NULL,NULL,'Sotho, Southern',NULL,12,NULL,NULL);
INSERT INTO `Concept` (`CONCEPT_ID`,`RES_DELETED`,`RES_CREATED`,`RES_MESSAGE_REF`,`RES_UPDATED`,`abstractCode`,`active`,`CODE`,`description`,`effectiveDate`,`DISPLAY`,`INDEX_STATUS`,`CODESYSTEM_ID`,`definitionStatusId`,`moduleId`) VALUES (663,NULL,'2017-09-13 11:43:34.938000',NULL,NULL,0,NULL,'es',NULL,NULL,'Spanish; Castilian',NULL,12,NULL,NULL);
INSERT INTO `Concept` (`CONCEPT_ID`,`RES_DELETED`,`RES_CREATED`,`RES_MESSAGE_REF`,`RES_UPDATED`,`abstractCode`,`active`,`CODE`,`description`,`effectiveDate`,`DISPLAY`,`INDEX_STATUS`,`CODESYSTEM_ID`,`definitionStatusId`,`moduleId`) VALUES (664,NULL,'2017-09-13 11:43:34.940000',NULL,NULL,0,NULL,'sc',NULL,NULL,'Sardinian',NULL,12,NULL,NULL);
INSERT INTO `Concept` (`CONCEPT_ID`,`RES_DELETED`,`RES_CREATED`,`RES_MESSAGE_REF`,`RES_UPDATED`,`abstractCode`,`active`,`CODE`,`description`,`effectiveDate`,`DISPLAY`,`INDEX_STATUS`,`CODESYSTEM_ID`,`definitionStatusId`,`moduleId`) VALUES (665,NULL,'2017-09-13 11:43:34.941000',NULL,NULL,0,NULL,'ss',NULL,NULL,'Swati',NULL,12,NULL,NULL);
INSERT INTO `Concept` (`CONCEPT_ID`,`RES_DELETED`,`RES_CREATED`,`RES_MESSAGE_REF`,`RES_UPDATED`,`abstractCode`,`active`,`CODE`,`description`,`effectiveDate`,`DISPLAY`,`INDEX_STATUS`,`CODESYSTEM_ID`,`definitionStatusId`,`moduleId`) VALUES (666,NULL,'2017-09-13 11:43:34.943000',NULL,NULL,0,NULL,'su',NULL,NULL,'Sundanese',NULL,12,NULL,NULL);
INSERT INTO `Concept` (`CONCEPT_ID`,`RES_DELETED`,`RES_CREATED`,`RES_MESSAGE_REF`,`RES_UPDATED`,`abstractCode`,`active`,`CODE`,`description`,`effectiveDate`,`DISPLAY`,`INDEX_STATUS`,`CODESYSTEM_ID`,`definitionStatusId`,`moduleId`) VALUES (667,NULL,'2017-09-13 11:43:34.944000',NULL,NULL,0,NULL,'sw',NULL,NULL,'Swahili',NULL,12,NULL,NULL);
INSERT INTO `Concept` (`CONCEPT_ID`,`RES_DELETED`,`RES_CREATED`,`RES_MESSAGE_REF`,`RES_UPDATED`,`abstractCode`,`active`,`CODE`,`description`,`effectiveDate`,`DISPLAY`,`INDEX_STATUS`,`CODESYSTEM_ID`,`definitionStatusId`,`moduleId`) VALUES (668,NULL,'2017-09-13 11:43:34.946000',NULL,NULL,0,NULL,'sv',NULL,NULL,'Swedish',NULL,12,NULL,NULL);
INSERT INTO `Concept` (`CONCEPT_ID`,`RES_DELETED`,`RES_CREATED`,`RES_MESSAGE_REF`,`RES_UPDATED`,`abstractCode`,`active`,`CODE`,`description`,`effectiveDate`,`DISPLAY`,`INDEX_STATUS`,`CODESYSTEM_ID`,`definitionStatusId`,`moduleId`) VALUES (669,NULL,'2017-09-13 11:43:34.947000',NULL,NULL,0,NULL,'ty',NULL,NULL,'Tahitian',NULL,12,NULL,NULL);
INSERT INTO `Concept` (`CONCEPT_ID`,`RES_DELETED`,`RES_CREATED`,`RES_MESSAGE_REF`,`RES_UPDATED`,`abstractCode`,`active`,`CODE`,`description`,`effectiveDate`,`DISPLAY`,`INDEX_STATUS`,`CODESYSTEM_ID`,`definitionStatusId`,`moduleId`) VALUES (670,NULL,'2017-09-13 11:43:34.949000',NULL,NULL,0,NULL,'ta',NULL,NULL,'Tamil',NULL,12,NULL,NULL);
INSERT INTO `Concept` (`CONCEPT_ID`,`RES_DELETED`,`RES_CREATED`,`RES_MESSAGE_REF`,`RES_UPDATED`,`abstractCode`,`active`,`CODE`,`description`,`effectiveDate`,`DISPLAY`,`INDEX_STATUS`,`CODESYSTEM_ID`,`definitionStatusId`,`moduleId`) VALUES (671,NULL,'2017-09-13 11:43:34.951000',NULL,NULL,0,NULL,'tt',NULL,NULL,'Tatar',NULL,12,NULL,NULL);
INSERT INTO `Concept` (`CONCEPT_ID`,`RES_DELETED`,`RES_CREATED`,`RES_MESSAGE_REF`,`RES_UPDATED`,`abstractCode`,`active`,`CODE`,`description`,`effectiveDate`,`DISPLAY`,`INDEX_STATUS`,`CODESYSTEM_ID`,`definitionStatusId`,`moduleId`) VALUES (672,NULL,'2017-09-13 11:43:34.953000',NULL,NULL,0,NULL,'te',NULL,NULL,'Telugu',NULL,12,NULL,NULL);
INSERT INTO `Concept` (`CONCEPT_ID`,`RES_DELETED`,`RES_CREATED`,`RES_MESSAGE_REF`,`RES_UPDATED`,`abstractCode`,`active`,`CODE`,`description`,`effectiveDate`,`DISPLAY`,`INDEX_STATUS`,`CODESYSTEM_ID`,`definitionStatusId`,`moduleId`) VALUES (673,NULL,'2017-09-13 11:43:34.955000',NULL,NULL,0,NULL,'tg',NULL,NULL,'Tajik',NULL,12,NULL,NULL);
INSERT INTO `Concept` (`CONCEPT_ID`,`RES_DELETED`,`RES_CREATED`,`RES_MESSAGE_REF`,`RES_UPDATED`,`abstractCode`,`active`,`CODE`,`description`,`effectiveDate`,`DISPLAY`,`INDEX_STATUS`,`CODESYSTEM_ID`,`definitionStatusId`,`moduleId`) VALUES (674,NULL,'2017-09-13 11:43:34.957000',NULL,NULL,0,NULL,'tl',NULL,NULL,'Tagalog',NULL,12,NULL,NULL);
INSERT INTO `Concept` (`CONCEPT_ID`,`RES_DELETED`,`RES_CREATED`,`RES_MESSAGE_REF`,`RES_UPDATED`,`abstractCode`,`active`,`CODE`,`description`,`effectiveDate`,`DISPLAY`,`INDEX_STATUS`,`CODESYSTEM_ID`,`definitionStatusId`,`moduleId`) VALUES (675,NULL,'2017-09-13 11:43:34.959000',NULL,NULL,0,NULL,'th',NULL,NULL,'Thai',NULL,12,NULL,NULL);
INSERT INTO `Concept` (`CONCEPT_ID`,`RES_DELETED`,`RES_CREATED`,`RES_MESSAGE_REF`,`RES_UPDATED`,`abstractCode`,`active`,`CODE`,`description`,`effectiveDate`,`DISPLAY`,`INDEX_STATUS`,`CODESYSTEM_ID`,`definitionStatusId`,`moduleId`) VALUES (676,NULL,'2017-09-13 11:43:34.961000',NULL,NULL,0,NULL,'ti',NULL,NULL,'Tigrinya',NULL,12,NULL,NULL);
INSERT INTO `Concept` (`CONCEPT_ID`,`RES_DELETED`,`RES_CREATED`,`RES_MESSAGE_REF`,`RES_UPDATED`,`abstractCode`,`active`,`CODE`,`description`,`effectiveDate`,`DISPLAY`,`INDEX_STATUS`,`CODESYSTEM_ID`,`definitionStatusId`,`moduleId`) VALUES (677,NULL,'2017-09-13 11:43:34.963000',NULL,NULL,0,NULL,'to',NULL,NULL,'Tonga (Tonga Islands)',NULL,12,NULL,NULL);
INSERT INTO `Concept` (`CONCEPT_ID`,`RES_DELETED`,`RES_CREATED`,`RES_MESSAGE_REF`,`RES_UPDATED`,`abstractCode`,`active`,`CODE`,`description`,`effectiveDate`,`DISPLAY`,`INDEX_STATUS`,`CODESYSTEM_ID`,`definitionStatusId`,`moduleId`) VALUES (678,NULL,'2017-09-13 11:43:34.965000',NULL,NULL,0,NULL,'tn',NULL,NULL,'Tswana',NULL,12,NULL,NULL);
INSERT INTO `Concept` (`CONCEPT_ID`,`RES_DELETED`,`RES_CREATED`,`RES_MESSAGE_REF`,`RES_UPDATED`,`abstractCode`,`active`,`CODE`,`description`,`effectiveDate`,`DISPLAY`,`INDEX_STATUS`,`CODESYSTEM_ID`,`definitionStatusId`,`moduleId`) VALUES (679,NULL,'2017-09-13 11:43:34.968000',NULL,NULL,0,NULL,'ts',NULL,NULL,'Tsonga',NULL,12,NULL,NULL);
INSERT INTO `Concept` (`CONCEPT_ID`,`RES_DELETED`,`RES_CREATED`,`RES_MESSAGE_REF`,`RES_UPDATED`,`abstractCode`,`active`,`CODE`,`description`,`effectiveDate`,`DISPLAY`,`INDEX_STATUS`,`CODESYSTEM_ID`,`definitionStatusId`,`moduleId`) VALUES (680,NULL,'2017-09-13 11:43:34.970000',NULL,NULL,0,NULL,'tk',NULL,NULL,'Turkmen',NULL,12,NULL,NULL);
INSERT INTO `Concept` (`CONCEPT_ID`,`RES_DELETED`,`RES_CREATED`,`RES_MESSAGE_REF`,`RES_UPDATED`,`abstractCode`,`active`,`CODE`,`description`,`effectiveDate`,`DISPLAY`,`INDEX_STATUS`,`CODESYSTEM_ID`,`definitionStatusId`,`moduleId`) VALUES (681,NULL,'2017-09-13 11:43:34.972000',NULL,NULL,0,NULL,'tr',NULL,NULL,'Turkish',NULL,12,NULL,NULL);
INSERT INTO `Concept` (`CONCEPT_ID`,`RES_DELETED`,`RES_CREATED`,`RES_MESSAGE_REF`,`RES_UPDATED`,`abstractCode`,`active`,`CODE`,`description`,`effectiveDate`,`DISPLAY`,`INDEX_STATUS`,`CODESYSTEM_ID`,`definitionStatusId`,`moduleId`) VALUES (682,NULL,'2017-09-13 11:43:34.974000',NULL,NULL,0,NULL,'tw',NULL,NULL,'Twi',NULL,12,NULL,NULL);
INSERT INTO `Concept` (`CONCEPT_ID`,`RES_DELETED`,`RES_CREATED`,`RES_MESSAGE_REF`,`RES_UPDATED`,`abstractCode`,`active`,`CODE`,`description`,`effectiveDate`,`DISPLAY`,`INDEX_STATUS`,`CODESYSTEM_ID`,`definitionStatusId`,`moduleId`) VALUES (683,NULL,'2017-09-13 11:43:34.980000',NULL,NULL,0,NULL,'ug',NULL,NULL,'Uighur; Uyghur',NULL,12,NULL,NULL);
INSERT INTO `Concept` (`CONCEPT_ID`,`RES_DELETED`,`RES_CREATED`,`RES_MESSAGE_REF`,`RES_UPDATED`,`abstractCode`,`active`,`CODE`,`description`,`effectiveDate`,`DISPLAY`,`INDEX_STATUS`,`CODESYSTEM_ID`,`definitionStatusId`,`moduleId`) VALUES (684,NULL,'2017-09-13 11:43:34.983000',NULL,NULL,0,NULL,'uk',NULL,NULL,'Ukrainian',NULL,12,NULL,NULL);
INSERT INTO `Concept` (`CONCEPT_ID`,`RES_DELETED`,`RES_CREATED`,`RES_MESSAGE_REF`,`RES_UPDATED`,`abstractCode`,`active`,`CODE`,`description`,`effectiveDate`,`DISPLAY`,`INDEX_STATUS`,`CODESYSTEM_ID`,`definitionStatusId`,`moduleId`) VALUES (685,NULL,'2017-09-13 11:43:34.985000',NULL,NULL,0,NULL,'ur',NULL,NULL,'Urdu',NULL,12,NULL,NULL);
INSERT INTO `Concept` (`CONCEPT_ID`,`RES_DELETED`,`RES_CREATED`,`RES_MESSAGE_REF`,`RES_UPDATED`,`abstractCode`,`active`,`CODE`,`description`,`effectiveDate`,`DISPLAY`,`INDEX_STATUS`,`CODESYSTEM_ID`,`definitionStatusId`,`moduleId`) VALUES (686,NULL,'2017-09-13 11:43:34.987000',NULL,NULL,0,NULL,'uz',NULL,NULL,'Uzbek',NULL,12,NULL,NULL);
INSERT INTO `Concept` (`CONCEPT_ID`,`RES_DELETED`,`RES_CREATED`,`RES_MESSAGE_REF`,`RES_UPDATED`,`abstractCode`,`active`,`CODE`,`description`,`effectiveDate`,`DISPLAY`,`INDEX_STATUS`,`CODESYSTEM_ID`,`definitionStatusId`,`moduleId`) VALUES (687,NULL,'2017-09-13 11:43:34.989000',NULL,NULL,0,NULL,'ve',NULL,NULL,'Venda',NULL,12,NULL,NULL);
INSERT INTO `Concept` (`CONCEPT_ID`,`RES_DELETED`,`RES_CREATED`,`RES_MESSAGE_REF`,`RES_UPDATED`,`abstractCode`,`active`,`CODE`,`description`,`effectiveDate`,`DISPLAY`,`INDEX_STATUS`,`CODESYSTEM_ID`,`definitionStatusId`,`moduleId`) VALUES (688,NULL,'2017-09-13 11:43:34.990000',NULL,NULL,0,NULL,'vi',NULL,NULL,'Vietnamese',NULL,12,NULL,NULL);
INSERT INTO `Concept` (`CONCEPT_ID`,`RES_DELETED`,`RES_CREATED`,`RES_MESSAGE_REF`,`RES_UPDATED`,`abstractCode`,`active`,`CODE`,`description`,`effectiveDate`,`DISPLAY`,`INDEX_STATUS`,`CODESYSTEM_ID`,`definitionStatusId`,`moduleId`) VALUES (689,NULL,'2017-09-13 11:43:34.992000',NULL,NULL,0,NULL,'vo',NULL,NULL,'Volapuk',NULL,12,NULL,NULL);
INSERT INTO `Concept` (`CONCEPT_ID`,`RES_DELETED`,`RES_CREATED`,`RES_MESSAGE_REF`,`RES_UPDATED`,`abstractCode`,`active`,`CODE`,`description`,`effectiveDate`,`DISPLAY`,`INDEX_STATUS`,`CODESYSTEM_ID`,`definitionStatusId`,`moduleId`) VALUES (690,NULL,'2017-09-13 11:43:34.993000',NULL,NULL,0,NULL,'wa',NULL,NULL,'Walloon',NULL,12,NULL,NULL);
INSERT INTO `Concept` (`CONCEPT_ID`,`RES_DELETED`,`RES_CREATED`,`RES_MESSAGE_REF`,`RES_UPDATED`,`abstractCode`,`active`,`CODE`,`description`,`effectiveDate`,`DISPLAY`,`INDEX_STATUS`,`CODESYSTEM_ID`,`definitionStatusId`,`moduleId`) VALUES (691,NULL,'2017-09-13 11:43:34.995000',NULL,NULL,0,NULL,'wo',NULL,NULL,'Wolof',NULL,12,NULL,NULL);
INSERT INTO `Concept` (`CONCEPT_ID`,`RES_DELETED`,`RES_CREATED`,`RES_MESSAGE_REF`,`RES_UPDATED`,`abstractCode`,`active`,`CODE`,`description`,`effectiveDate`,`DISPLAY`,`INDEX_STATUS`,`CODESYSTEM_ID`,`definitionStatusId`,`moduleId`) VALUES (692,NULL,'2017-09-13 11:43:34.997000',NULL,NULL,0,NULL,'xh',NULL,NULL,'Xhosa',NULL,12,NULL,NULL);
INSERT INTO `Concept` (`CONCEPT_ID`,`RES_DELETED`,`RES_CREATED`,`RES_MESSAGE_REF`,`RES_UPDATED`,`abstractCode`,`active`,`CODE`,`description`,`effectiveDate`,`DISPLAY`,`INDEX_STATUS`,`CODESYSTEM_ID`,`definitionStatusId`,`moduleId`) VALUES (693,NULL,'2017-09-13 11:43:34.998000',NULL,NULL,0,NULL,'yi',NULL,NULL,'Yiddish',NULL,12,NULL,NULL);
INSERT INTO `Concept` (`CONCEPT_ID`,`RES_DELETED`,`RES_CREATED`,`RES_MESSAGE_REF`,`RES_UPDATED`,`abstractCode`,`active`,`CODE`,`description`,`effectiveDate`,`DISPLAY`,`INDEX_STATUS`,`CODESYSTEM_ID`,`definitionStatusId`,`moduleId`) VALUES (694,NULL,'2017-09-13 11:43:35.000000',NULL,NULL,0,NULL,'yo',NULL,NULL,'Yoruba',NULL,12,NULL,NULL);
INSERT INTO `Concept` (`CONCEPT_ID`,`RES_DELETED`,`RES_CREATED`,`RES_MESSAGE_REF`,`RES_UPDATED`,`abstractCode`,`active`,`CODE`,`description`,`effectiveDate`,`DISPLAY`,`INDEX_STATUS`,`CODESYSTEM_ID`,`definitionStatusId`,`moduleId`) VALUES (695,NULL,'2017-09-13 11:43:35.002000',NULL,NULL,0,NULL,'za',NULL,NULL,'Zhuang; Chuang',NULL,12,NULL,NULL);
INSERT INTO `Concept` (`CONCEPT_ID`,`RES_DELETED`,`RES_CREATED`,`RES_MESSAGE_REF`,`RES_UPDATED`,`abstractCode`,`active`,`CODE`,`description`,`effectiveDate`,`DISPLAY`,`INDEX_STATUS`,`CODESYSTEM_ID`,`definitionStatusId`,`moduleId`) VALUES (696,NULL,'2017-09-13 11:43:35.005000',NULL,NULL,0,NULL,'zu',NULL,NULL,'Zulu',NULL,12,NULL,NULL);
INSERT INTO `Concept` (`CONCEPT_ID`,`RES_DELETED`,`RES_CREATED`,`RES_MESSAGE_REF`,`RES_UPDATED`,`abstractCode`,`active`,`CODE`,`description`,`effectiveDate`,`DISPLAY`,`INDEX_STATUS`,`CODESYSTEM_ID`,`definitionStatusId`,`moduleId`) VALUES (697,NULL,'2017-09-13 11:44:59.449000',NULL,NULL,0,NULL,'R',NULL,NULL,'Regular',NULL,13,NULL,NULL);
INSERT INTO `Concept` (`CONCEPT_ID`,`RES_DELETED`,`RES_CREATED`,`RES_MESSAGE_REF`,`RES_UPDATED`,`abstractCode`,`active`,`CODE`,`description`,`effectiveDate`,`DISPLAY`,`INDEX_STATUS`,`CODESYSTEM_ID`,`definitionStatusId`,`moduleId`) VALUES (698,NULL,'2017-09-13 11:44:59.451000',NULL,NULL,0,NULL,'E',NULL,NULL,'Emergency',NULL,13,NULL,NULL);
INSERT INTO `Concept` (`CONCEPT_ID`,`RES_DELETED`,`RES_CREATED`,`RES_MESSAGE_REF`,`RES_UPDATED`,`abstractCode`,`active`,`CODE`,`description`,`effectiveDate`,`DISPLAY`,`INDEX_STATUS`,`CODESYSTEM_ID`,`definitionStatusId`,`moduleId`) VALUES (699,NULL,'2017-09-13 11:44:59.453000',NULL,NULL,0,NULL,'IN',NULL,NULL,'Immediately necessary',NULL,13,NULL,NULL);
INSERT INTO `Concept` (`CONCEPT_ID`,`RES_DELETED`,`RES_CREATED`,`RES_MESSAGE_REF`,`RES_UPDATED`,`abstractCode`,`active`,`CODE`,`description`,`effectiveDate`,`DISPLAY`,`INDEX_STATUS`,`CODESYSTEM_ID`,`definitionStatusId`,`moduleId`) VALUES (700,NULL,'2017-09-13 11:44:59.455000',NULL,NULL,0,NULL,'T',NULL,NULL,'Temporary',NULL,13,NULL,NULL);
INSERT INTO `Concept` (`CONCEPT_ID`,`RES_DELETED`,`RES_CREATED`,`RES_MESSAGE_REF`,`RES_UPDATED`,`abstractCode`,`active`,`CODE`,`description`,`effectiveDate`,`DISPLAY`,`INDEX_STATUS`,`CODESYSTEM_ID`,`definitionStatusId`,`moduleId`) VALUES (701,NULL,'2017-09-13 11:44:59.457000',NULL,NULL,0,NULL,'P',NULL,NULL,'Private',NULL,13,NULL,NULL);
INSERT INTO `Concept` (`CONCEPT_ID`,`RES_DELETED`,`RES_CREATED`,`RES_MESSAGE_REF`,`RES_UPDATED`,`abstractCode`,`active`,`CODE`,`description`,`effectiveDate`,`DISPLAY`,`INDEX_STATUS`,`CODESYSTEM_ID`,`definitionStatusId`,`moduleId`) VALUES (702,NULL,'2017-09-13 11:44:59.459000',NULL,NULL,0,NULL,'O',NULL,NULL,'Other',NULL,13,NULL,NULL);
INSERT INTO `Concept` (`CONCEPT_ID`,`RES_DELETED`,`RES_CREATED`,`RES_MESSAGE_REF`,`RES_UPDATED`,`abstractCode`,`active`,`CODE`,`description`,`effectiveDate`,`DISPLAY`,`INDEX_STATUS`,`CODESYSTEM_ID`,`definitionStatusId`,`moduleId`) VALUES (703,NULL,'2017-09-13 11:44:59.460000',NULL,NULL,0,NULL,'S',NULL,NULL,'Synthetic Record',NULL,13,NULL,NULL);
INSERT INTO `Concept` (`CONCEPT_ID`,`RES_DELETED`,`RES_CREATED`,`RES_MESSAGE_REF`,`RES_UPDATED`,`abstractCode`,`active`,`CODE`,`description`,`effectiveDate`,`DISPLAY`,`INDEX_STATUS`,`CODESYSTEM_ID`,`definitionStatusId`,`moduleId`) VALUES (704,NULL,'2017-09-13 11:48:01.588000',NULL,NULL,0,NULL,'do-not-discontinue',NULL,NULL,'Do Not discontinue Medication',NULL,14,NULL,NULL);
INSERT INTO `Concept` (`CONCEPT_ID`,`RES_DELETED`,`RES_CREATED`,`RES_MESSAGE_REF`,`RES_UPDATED`,`abstractCode`,`active`,`CODE`,`description`,`effectiveDate`,`DISPLAY`,`INDEX_STATUS`,`CODESYSTEM_ID`,`definitionStatusId`,`moduleId`) VALUES (705,NULL,'2017-09-13 11:48:01.590000',NULL,NULL,0,NULL,'continue-indefinitely',NULL,NULL,'Continue Indefinitely',NULL,14,NULL,NULL);
INSERT INTO `Concept` (`CONCEPT_ID`,`RES_DELETED`,`RES_CREATED`,`RES_MESSAGE_REF`,`RES_UPDATED`,`abstractCode`,`active`,`CODE`,`description`,`effectiveDate`,`DISPLAY`,`INDEX_STATUS`,`CODESYSTEM_ID`,`definitionStatusId`,`moduleId`) VALUES (706,NULL,'2017-09-13 11:48:47.408000',NULL,NULL,0,NULL,'complaint',NULL,NULL,'Complaint',NULL,15,NULL,NULL);
INSERT INTO `Concept` (`CONCEPT_ID`,`RES_DELETED`,`RES_CREATED`,`RES_MESSAGE_REF`,`RES_UPDATED`,`abstractCode`,`active`,`CODE`,`description`,`effectiveDate`,`DISPLAY`,`INDEX_STATUS`,`CODESYSTEM_ID`,`definitionStatusId`,`moduleId`) VALUES (707,NULL,'2017-09-13 11:48:47.410000',NULL,NULL,0,NULL,'symptom',NULL,NULL,'Symptom',NULL,15,NULL,NULL);
INSERT INTO `Concept` (`CONCEPT_ID`,`RES_DELETED`,`RES_CREATED`,`RES_MESSAGE_REF`,`RES_UPDATED`,`abstractCode`,`active`,`CODE`,`description`,`effectiveDate`,`DISPLAY`,`INDEX_STATUS`,`CODESYSTEM_ID`,`definitionStatusId`,`moduleId`) VALUES (708,NULL,'2017-09-13 11:48:47.412000',NULL,NULL,0,NULL,'finding',NULL,NULL,'Finding',NULL,15,NULL,NULL);
INSERT INTO `Concept` (`CONCEPT_ID`,`RES_DELETED`,`RES_CREATED`,`RES_MESSAGE_REF`,`RES_UPDATED`,`abstractCode`,`active`,`CODE`,`description`,`effectiveDate`,`DISPLAY`,`INDEX_STATUS`,`CODESYSTEM_ID`,`definitionStatusId`,`moduleId`) VALUES (709,NULL,'2017-09-13 11:48:47.414000',NULL,NULL,0,NULL,'diagnosis',NULL,NULL,'Diagnosis',NULL,15,NULL,NULL);
INSERT INTO `Concept` (`CONCEPT_ID`,`RES_DELETED`,`RES_CREATED`,`RES_MESSAGE_REF`,`RES_UPDATED`,`abstractCode`,`active`,`CODE`,`description`,`effectiveDate`,`DISPLAY`,`INDEX_STATUS`,`CODESYSTEM_ID`,`definitionStatusId`,`moduleId`) VALUES (710,NULL,'2017-09-13 11:48:47.416000',NULL,NULL,0,NULL,'problem',NULL,NULL,'Problem',NULL,15,NULL,NULL);
INSERT INTO `Concept` (`CONCEPT_ID`,`RES_DELETED`,`RES_CREATED`,`RES_MESSAGE_REF`,`RES_UPDATED`,`abstractCode`,`active`,`CODE`,`description`,`effectiveDate`,`DISPLAY`,`INDEX_STATUS`,`CODESYSTEM_ID`,`definitionStatusId`,`moduleId`) VALUES (711,NULL,'2017-09-13 11:48:47.419000',NULL,NULL,0,NULL,'need',NULL,NULL,'Need',NULL,15,NULL,NULL);
INSERT INTO `Concept` (`CONCEPT_ID`,`RES_DELETED`,`RES_CREATED`,`RES_MESSAGE_REF`,`RES_UPDATED`,`abstractCode`,`active`,`CODE`,`description`,`effectiveDate`,`DISPLAY`,`INDEX_STATUS`,`CODESYSTEM_ID`,`definitionStatusId`,`moduleId`) VALUES (712,NULL,'2017-09-13 11:49:52.118000',NULL,NULL,0,NULL,'first',NULL,NULL,'First',NULL,16,NULL,NULL);
INSERT INTO `Concept` (`CONCEPT_ID`,`RES_DELETED`,`RES_CREATED`,`RES_MESSAGE_REF`,`RES_UPDATED`,`abstractCode`,`active`,`CODE`,`description`,`effectiveDate`,`DISPLAY`,`INDEX_STATUS`,`CODESYSTEM_ID`,`definitionStatusId`,`moduleId`) VALUES (713,NULL,'2017-09-13 11:49:52.121000',NULL,NULL,0,NULL,'new',NULL,NULL,'New',NULL,16,NULL,NULL);
INSERT INTO `Concept` (`CONCEPT_ID`,`RES_DELETED`,`RES_CREATED`,`RES_MESSAGE_REF`,`RES_UPDATED`,`abstractCode`,`active`,`CODE`,`description`,`effectiveDate`,`DISPLAY`,`INDEX_STATUS`,`CODESYSTEM_ID`,`definitionStatusId`,`moduleId`) VALUES (714,NULL,'2017-09-13 11:49:52.123000',NULL,NULL,0,NULL,'review',NULL,NULL,'Review',NULL,16,NULL,NULL);
INSERT INTO `Concept` (`CONCEPT_ID`,`RES_DELETED`,`RES_CREATED`,`RES_MESSAGE_REF`,`RES_UPDATED`,`abstractCode`,`active`,`CODE`,`description`,`effectiveDate`,`DISPLAY`,`INDEX_STATUS`,`CODESYSTEM_ID`,`definitionStatusId`,`moduleId`) VALUES (715,NULL,'2017-09-13 11:49:52.125000',NULL,NULL,0,NULL,'flare',NULL,NULL,'Flare',NULL,16,NULL,NULL);
INSERT INTO `Concept` (`CONCEPT_ID`,`RES_DELETED`,`RES_CREATED`,`RES_MESSAGE_REF`,`RES_UPDATED`,`abstractCode`,`active`,`CODE`,`description`,`effectiveDate`,`DISPLAY`,`INDEX_STATUS`,`CODESYSTEM_ID`,`definitionStatusId`,`moduleId`) VALUES (716,NULL,'2017-09-13 11:49:52.127000',NULL,NULL,0,NULL,'end',NULL,NULL,'End',NULL,16,NULL,NULL);


