
INSERT INTO System (`SYSTEM_ID`,`SYSTEM_URI`,`name`) VALUES (1002,'https://fhir.yorkhospitals.nhs.uk/Id/episode','York Hospitals Episodes');
INSERT INTO System (`SYSTEM_ID`,`SYSTEM_URI`,`name`) VALUES (1003,'https://fhir.yorkhospitals.nhs.uk/Id/locations','York Hospitals Locations');


INSERT INTO `Location` (`LOCATION_ID`,`name`,`status`,`managingOrganisation`,`physicalType`,`type`) VALUES (200000,'York Hospital',0,200001,479,352);
INSERT INTO `LocationIdentifier` (`LOCATION_IDENTIFIER_ID`,`identifierUse`,`listOrder`,`value`,`SYSTEM_ID`,`LOCATION_ID`) VALUES (200000,0,NULL,'RC855',2,200000);

INSERT INTO `Location` (`LOCATION_ID`,`name`,`status`,`managingOrganisation`,`physicalType`,`type`,`PART_OF_LOCATION_ID`) VALUES (200001,'Observation Ward',0,200001,480,329,200000);
INSERT INTO `LocationIdentifier` (`LOCATION_IDENTIFIER_ID`,`identifierUse`,`listOrder`,`value`,`SYSTEM_ID`,`LOCATION_ID`) VALUES (200001,0,NULL,'OBS',1003,200001);

INSERT INTO `Location` (`LOCATION_ID`,`name`,`status`,`managingOrganisation`,`physicalType`,`type`,`PART_OF_LOCATION_ID`) VALUES (200002,'Recovery Ward',0,200001,480,329,200000);
INSERT INTO `LocationIdentifier` (`LOCATION_IDENTIFIER_ID`,`identifierUse`,`listOrder`,`value`,`SYSTEM_ID`,`LOCATION_ID`) VALUES (200002,0,NULL,'RCB55-RECOVERYWARD',1003,200002);

INSERT INTO `EpisodeOfCare` (`EPISODE_ID`,`ORGANISATION_ID`,`PATIENT_ID`,`PRACTITIONER_ID`,`TYPE_CONCEPT_ID`,`periodEndDate`,`periodStartDate`,`status`)
VALUES(1,200001,4,200001,null,'2010-10-21 17:06:00','2010-10-20 17:16:00',4);

INSERT INTO `EpisodeOfCareIdentifier` (`EPISODE_IDENTIFIER_ID`,`value`,`SYSTEM_ID`,`EPISODE_ID`)
VALUES (1,2139,1002,1);

INSERT INTO `Encounter` (`ENCOUNTER_ID`,`PATIENT_ID`,`periodEndDate`,`periodStartDate`,`status`,`CLASS_CONCEPT_ID`,`LOCATION_ID`,`ORGANISATION_ID`,`PARTICIPANT_PRACTITIONER_ID`,`PRIORITY_CONCEPT_ID`,`TYPE_CONCEPT_ID`)
VALUES(1,4,null,'2010-10-20 17:16:00',1,21069,200001,200001,200001,22052,null);

INSERT INTO `Encounter` (`ENCOUNTER_ID`,`PATIENT_ID`,`periodEndDate`,`periodStartDate`,`status`,`CLASS_CONCEPT_ID`,`LOCATION_ID`,`ORGANISATION_ID`,`PARTICIPANT_PRACTITIONER_ID`,`PRIORITY_CONCEPT_ID`,`TYPE_CONCEPT_ID`)
VALUES(2,4,null,'2010-10-21 13:15:00',3,21069,200002,200001,200001,22052,null);

INSERT INTO `Encounter` (`ENCOUNTER_ID`,`PATIENT_ID`,`periodEndDate`,`periodStartDate`,`status`,`CLASS_CONCEPT_ID`,`LOCATION_ID`,`ORGANISATION_ID`,`PARTICIPANT_PRACTITIONER_ID`,`PRIORITY_CONCEPT_ID`,`TYPE_CONCEPT_ID`)
VALUES(3,4,null,'2010-10-21 17:35:00',5,21069,200001,200001,200001,22052,null);

INSERT INTO `EncounterEpisodeOfCare` (`ENCOUNTER_EPISODE_ID`,`ENCOUNTER_ID`,`EPISODE_ID`)
VALUES (1,1,1);
INSERT INTO `EncounterEpisodeOfCare` (`ENCOUNTER_EPISODE_ID`,`ENCOUNTER_ID`,`EPISODE_ID`)
VALUES (2,2,1);
INSERT INTO `EncounterEpisodeOfCare` (`ENCOUNTER_EPISODE_ID`,`ENCOUNTER_ID`,`EPISODE_ID`)
VALUES (3,3,1);

