
INSERT INTO CodeSystem (CODESYSTEM_ID,RES_DELETED,RES_CREATED,RES_MESSAGE_REF,RES_UPDATED,CODE_SYSTEM_URI,CODESYSTEM_NAME) VALUES (17,NULL,'2017-09-13 12:16:57.960000',NULL,NULL,'http://hl7.org/fhir/marital-status',NULL);
INSERT INTO CodeSystem (CODESYSTEM_ID,RES_DELETED,RES_CREATED,RES_MESSAGE_REF,RES_UPDATED,CODE_SYSTEM_URI,CODESYSTEM_NAME) VALUES (18,NULL,'2017-09-13 12:16:58.012000',NULL,NULL,'http://hl7.org/fhir/v3/NullFlavor',NULL);
INSERT INTO CodeSystem (CODESYSTEM_ID,RES_DELETED,RES_CREATED,RES_MESSAGE_REF,RES_UPDATED,CODE_SYSTEM_URI,CODESYSTEM_NAME) VALUES (19,NULL,'2017-09-13 12:18:28.108000',NULL,NULL,'https://fhir.hl7.org.uk/CareConnect-PersonRelationshipType-1',NULL);
INSERT INTO CodeSystem (CODESYSTEM_ID,RES_DELETED,RES_CREATED,RES_MESSAGE_REF,RES_UPDATED,CODE_SYSTEM_URI,CODESYSTEM_NAME) VALUES (20,NULL,'2017-09-13 12:19:27.576000',NULL,NULL,'https://fhir.hl7.org.uk/CareConnect-RegistrationStatus-1',NULL);
INSERT INTO CodeSystem (CODESYSTEM_ID,RES_DELETED,RES_CREATED,RES_MESSAGE_REF,RES_UPDATED,CODE_SYSTEM_URI,CODESYSTEM_NAME) VALUES (21,NULL,'2017-09-13 12:20:09.380000',NULL,NULL,'https://fhir.hl7.org.uk/CareConnect-ResidentialStatus-1',NULL);
INSERT INTO CodeSystem (CODESYSTEM_ID,RES_DELETED,RES_CREATED,RES_MESSAGE_REF,RES_UPDATED,CODE_SYSTEM_URI,CODESYSTEM_NAME) VALUES (22,NULL,'2017-09-13 12:21:22.755000',NULL,NULL,'http://hl7.org/fhir/administrative-gender',NULL);
INSERT INTO CodeSystem (CODESYSTEM_ID,RES_DELETED,RES_CREATED,RES_MESSAGE_REF,RES_UPDATED,CODE_SYSTEM_URI,CODESYSTEM_NAME) VALUES (23,NULL,'2017-09-13 12:22:07.039000',NULL,NULL,'https://fhir.hl7.org.uk/CareConnect-LanguageAbilityProficiency-1',NULL);
INSERT INTO CodeSystem (CODESYSTEM_ID,RES_DELETED,RES_CREATED,RES_MESSAGE_REF,RES_UPDATED,CODE_SYSTEM_URI,CODESYSTEM_NAME) VALUES (24,NULL,'2017-09-13 12:22:54.220000',NULL,NULL,'https://fhir.hl7.org.uk/CareConnect-TreatmentCategory-1',NULL);
INSERT INTO CodeSystem (CODESYSTEM_ID,RES_DELETED,RES_CREATED,RES_MESSAGE_REF,RES_UPDATED,CODE_SYSTEM_URI,CODESYSTEM_NAME) VALUES (25,NULL,'2017-09-13 12:27:48.184000',NULL,NULL,'https://fhir.hl7.org.uk/CareConnect-MaritalStatus-DDMAP-1',NULL);
INSERT INTO CodeSystem (CODESYSTEM_ID,RES_DELETED,RES_CREATED,RES_MESSAGE_REF,RES_UPDATED,CODE_SYSTEM_URI,CODESYSTEM_NAME) VALUES (26,NULL,'2017-09-13 12:28:39.827000',NULL,NULL,'https://fhir.hl7.org.uk/CareConnect-ConditionRelationship',NULL);
INSERT INTO CodeSystem (CODESYSTEM_ID,RES_DELETED,RES_CREATED,RES_MESSAGE_REF,RES_UPDATED,CODE_SYSTEM_URI,CODESYSTEM_NAME) VALUES (27,NULL,'2017-09-13 12:29:53.094000',NULL,NULL,'https://fhir.hl7.org.uk/CareConnect-ConditionClinicalStatus',NULL);

INSERT INTO ValueSet (VALUESET_ID,RES_DELETED,RES_CREATED,RES_MESSAGE_REF,RES_UPDATED,description,CODESYSTEM_URL,VALUESET_NAME,status,VALUESET_STRID,title,url,CODESYSTEM_PID) VALUES (16,NULL,'2017-09-13 12:16:58.002000',NULL,NULL,'This value set defines the set of codes that can be used to indicate the marital status of a person.',NULL,'Care Connect Marital Status',1,'ValueSet/CareConnect-MaritalStatus-1',NULL,'https://fhir.hl7.org.uk/ValueSet/CareConnect-MaritalStatus-1',17);
INSERT INTO ValueSet (VALUESET_ID,RES_DELETED,RES_CREATED,RES_MESSAGE_REF,RES_UPDATED,description,CODESYSTEM_URL,VALUESET_NAME,status,VALUESET_STRID,title,url,CODESYSTEM_PID) VALUES (17,NULL,'2017-09-13 12:18:28.255000',NULL,NULL,'A relationship between one person and another. These relationships are not necessarily mutually exclusive, for example a parent may be a child''s next of kin. Includes the set of values defined in e-GIF Person Relationship Type.',NULL,'Care Connect Person Relationship Type',1,'ValueSet/CareConnect-PersonRelationshipType-1',NULL,'https://fhir.hl7.org.uk/ValueSet/CareConnect-PersonRelationshipType-1',19);
INSERT INTO ValueSet (VALUESET_ID,RES_DELETED,RES_CREATED,RES_MESSAGE_REF,RES_UPDATED,description,CODESYSTEM_URL,VALUESET_NAME,status,VALUESET_STRID,title,url,CODESYSTEM_PID) VALUES (18,NULL,'2017-09-13 12:19:27.587000',NULL,NULL,'A vocabulary that identifies the status of registration for a patient at the healthcare organisation.',NULL,'Care Connect Registration Status',1,'ValueSet/CareConnect-RegistrationStatus-1',NULL,'https://fhir.hl7.org.uk/ValueSet/CareConnect-RegistrationStatus-1',20);
INSERT INTO ValueSet (VALUESET_ID,RES_DELETED,RES_CREATED,RES_MESSAGE_REF,RES_UPDATED,description,CODESYSTEM_URL,VALUESET_NAME,status,VALUESET_STRID,title,url,CODESYSTEM_PID) VALUES (19,NULL,'2017-09-13 12:20:09.386000',NULL,NULL,'A vocabulary that identifies the residential status of a patient. ',NULL,'Care Connect Residential Status',1,'ValueSet/CareConnect-ResidentialStatus-1',NULL,'https://fhir.hl7.org.uk/ValueSet/CareConnect-ResidentialStatus-1',21);
INSERT INTO ValueSet (VALUESET_ID,RES_DELETED,RES_CREATED,RES_MESSAGE_REF,RES_UPDATED,description,CODESYSTEM_URL,VALUESET_NAME,status,VALUESET_STRID,title,url,CODESYSTEM_PID) VALUES (20,NULL,'2017-09-13 12:21:22.809000',NULL,NULL,'The gender of a person used for administrative purposes.',NULL,'Care Connect Administrative Gender',1,'ValueSet/CareConnect-AdministrativeGender-1',NULL,'https://fhir.hl7.org.uk/ValueSet/CareConnect-AdministrativeGender-1',22);
INSERT INTO ValueSet (VALUESET_ID,RES_DELETED,RES_CREATED,RES_MESSAGE_REF,RES_UPDATED,description,CODESYSTEM_URL,VALUESET_NAME,status,VALUESET_STRID,title,url,CODESYSTEM_PID) VALUES (21,NULL,'2017-09-13 12:22:07.055000',NULL,NULL,'A valueset to describe the level of proficiency in communicating a language.',NULL,'Care Connect Language Ability Proficiency',1,'ValueSet/CareConnect-LanguageAbilityProficiency-1',NULL,'https://fhir.hl7.org.uk/ValueSet/CareConnect-LanguageAbilityProficiency-1',23);
INSERT INTO ValueSet (VALUESET_ID,RES_DELETED,RES_CREATED,RES_MESSAGE_REF,RES_UPDATED,description,CODESYSTEM_URL,VALUESET_NAME,status,VALUESET_STRID,title,url,CODESYSTEM_PID) VALUES (22,NULL,'2017-09-13 12:22:54.237000',NULL,NULL,'A vocabulary that identifies the treatment category for this patient. ',NULL,'Care Connect Treatment Category',1,'ValueSet/CareConnect-TreatmentCategory-1',NULL,'https://fhir.hl7.org.uk/ValueSet/CareConnect-TreatmentCategory-1',24);
INSERT INTO ValueSet (VALUESET_ID,RES_DELETED,RES_CREATED,RES_MESSAGE_REF,RES_UPDATED,description,CODESYSTEM_URL,VALUESET_NAME,status,VALUESET_STRID,title,url,CODESYSTEM_PID) VALUES (23,NULL,'2017-09-13 12:24:00.108000',NULL,NULL,'Indicates the legal/contractual nature of a prescription. This valueset references the vocabulary for EhrSupplyType in the NPfIT Message Implementation Manual 7.2.02.',NULL,'Care Connect Medication Supply Type',1,'ValueSet/CareConnect-MedicationSupplyType-1',NULL,'https://fhir.hl7.org.uk/ValueSet/CareConnect-MedicationSupplyType-1',9);
INSERT INTO ValueSet (VALUESET_ID,RES_DELETED,RES_CREATED,RES_MESSAGE_REF,RES_UPDATED,description,CODESYSTEM_URL,VALUESET_NAME,status,VALUESET_STRID,title,url,CODESYSTEM_PID) VALUES (24,NULL,'2017-09-13 12:27:48.392000',NULL,NULL,'A vocabulary that identifies the legal marital status of a person. This value set references the Person Marital Status Code from the NHS Data Model and Dictionary.',NULL,'Marital Status NHS Data Model and Dictionary',1,'ValueSet/CareConnect-MaritalStatus-DDMAP-1',NULL,'https://fhir.hl7.org.uk/ValueSet/CareConnect-MaritalStatus-DDMAP-1',25);
INSERT INTO ValueSet (VALUESET_ID,RES_DELETED,RES_CREATED,RES_MESSAGE_REF,RES_UPDATED,description,CODESYSTEM_URL,VALUESET_NAME,status,VALUESET_STRID,title,url,CODESYSTEM_PID) VALUES (25,NULL,'2017-09-13 12:28:39.905000',NULL,NULL,'A set of codes specifying the kind of relationship that exists with a target condition.',NULL,'Care Connect Condition Relationship',1,'ValueSet/CareConnect-ConditionRelationship-1',NULL,'https://fhir.hl7.org.uk/ValueSet/CareConnect-ConditionRelationship-1',26);
INSERT INTO ValueSet (VALUESET_ID,RES_DELETED,RES_CREATED,RES_MESSAGE_REF,RES_UPDATED,description,CODESYSTEM_URL,VALUESET_NAME,status,VALUESET_STRID,title,url,CODESYSTEM_PID) VALUES (26,NULL,'2017-09-13 12:29:53.105000',NULL,NULL,'Condition Clinical Status codes.',NULL,'Care Connect Condition Clinical Status',1,'ValueSet/CareConnect-ConditionClinicalStatus-1',NULL,'https://fhir.hl7.org.uk/ValueSet/CareConnect-ConditionClinicalStatus-1',27);

INSERT INTO ValueSetInclude (VALUESET_INCLUDE_ID,CODESYSTEM_PID,VALUESET_ID) VALUES (2,1,16);
INSERT INTO ValueSetInclude (VALUESET_INCLUDE_ID,CODESYSTEM_PID,VALUESET_ID) VALUES (3,18,16);

INSERT INTO Concept (CONCEPT_ID,RES_DELETED,RES_CREATED,RES_MESSAGE_REF,RES_UPDATED,active,CODE,description,effectiveDate,DISPLAY,INDEX_STATUS,CODESYSTEM_ID,definitionStatusId,moduleId) VALUES (717,NULL,'2017-09-13 12:16:57.975000',NULL,NULL,NULL,'U',NULL,NULL,'Unmarried',NULL,17,NULL,NULL);
INSERT INTO Concept (CONCEPT_ID,RES_DELETED,RES_CREATED,RES_MESSAGE_REF,RES_UPDATED,active,CODE,description,effectiveDate,DISPLAY,INDEX_STATUS,CODESYSTEM_ID,definitionStatusId,moduleId) VALUES (718,NULL,'2017-09-13 12:16:58.016000',NULL,NULL,NULL,'UNK',NULL,NULL,'unknown',NULL,18,NULL,NULL);
INSERT INTO Concept (CONCEPT_ID,RES_DELETED,RES_CREATED,RES_MESSAGE_REF,RES_UPDATED,active,CODE,description,effectiveDate,DISPLAY,INDEX_STATUS,CODESYSTEM_ID,definitionStatusId,moduleId) VALUES (719,NULL,'2017-09-13 12:18:28.111000',NULL,NULL,NULL,'01',NULL,NULL,'Spouse',NULL,19,NULL,NULL);
INSERT INTO Concept (CONCEPT_ID,RES_DELETED,RES_CREATED,RES_MESSAGE_REF,RES_UPDATED,active,CODE,description,effectiveDate,DISPLAY,INDEX_STATUS,CODESYSTEM_ID,definitionStatusId,moduleId) VALUES (720,NULL,'2017-09-13 12:18:28.114000',NULL,NULL,NULL,'02',NULL,NULL,'Partner',NULL,19,NULL,NULL);
INSERT INTO Concept (CONCEPT_ID,RES_DELETED,RES_CREATED,RES_MESSAGE_REF,RES_UPDATED,active,CODE,description,effectiveDate,DISPLAY,INDEX_STATUS,CODESYSTEM_ID,definitionStatusId,moduleId) VALUES (721,NULL,'2017-09-13 12:18:28.117000',NULL,NULL,NULL,'03',NULL,NULL,'Parent',NULL,19,NULL,NULL);
INSERT INTO Concept (CONCEPT_ID,RES_DELETED,RES_CREATED,RES_MESSAGE_REF,RES_UPDATED,active,CODE,description,effectiveDate,DISPLAY,INDEX_STATUS,CODESYSTEM_ID,definitionStatusId,moduleId) VALUES (722,NULL,'2017-09-13 12:18:28.123000',NULL,NULL,NULL,'04',NULL,NULL,'Next of kin',NULL,19,NULL,NULL);
INSERT INTO Concept (CONCEPT_ID,RES_DELETED,RES_CREATED,RES_MESSAGE_REF,RES_UPDATED,active,CODE,description,effectiveDate,DISPLAY,INDEX_STATUS,CODESYSTEM_ID,definitionStatusId,moduleId) VALUES (723,NULL,'2017-09-13 12:18:28.127000',NULL,NULL,NULL,'05',NULL,NULL,'Guardian',NULL,19,NULL,NULL);
INSERT INTO Concept (CONCEPT_ID,RES_DELETED,RES_CREATED,RES_MESSAGE_REF,RES_UPDATED,active,CODE,description,effectiveDate,DISPLAY,INDEX_STATUS,CODESYSTEM_ID,definitionStatusId,moduleId) VALUES (724,NULL,'2017-09-13 12:18:28.130000',NULL,NULL,NULL,'06',NULL,NULL,'Foster parent',NULL,19,NULL,NULL);
INSERT INTO Concept (CONCEPT_ID,RES_DELETED,RES_CREATED,RES_MESSAGE_REF,RES_UPDATED,active,CODE,description,effectiveDate,DISPLAY,INDEX_STATUS,CODESYSTEM_ID,definitionStatusId,moduleId) VALUES (725,NULL,'2017-09-13 12:18:28.134000',NULL,NULL,NULL,'07',NULL,NULL,'Step parent',NULL,19,NULL,NULL);
INSERT INTO Concept (CONCEPT_ID,RES_DELETED,RES_CREATED,RES_MESSAGE_REF,RES_UPDATED,active,CODE,description,effectiveDate,DISPLAY,INDEX_STATUS,CODESYSTEM_ID,definitionStatusId,moduleId) VALUES (726,NULL,'2017-09-13 12:18:28.139000',NULL,NULL,NULL,'08',NULL,NULL,'Polygamous partner',NULL,19,NULL,NULL);
INSERT INTO Concept (CONCEPT_ID,RES_DELETED,RES_CREATED,RES_MESSAGE_REF,RES_UPDATED,active,CODE,description,effectiveDate,DISPLAY,INDEX_STATUS,CODESYSTEM_ID,definitionStatusId,moduleId) VALUES (727,NULL,'2017-09-13 12:18:28.145000',NULL,NULL,NULL,'09',NULL,NULL,'Child',NULL,19,NULL,NULL);
INSERT INTO Concept (CONCEPT_ID,RES_DELETED,RES_CREATED,RES_MESSAGE_REF,RES_UPDATED,active,CODE,description,effectiveDate,DISPLAY,INDEX_STATUS,CODESYSTEM_ID,definitionStatusId,moduleId) VALUES (728,NULL,'2017-09-13 12:18:28.149000',NULL,NULL,NULL,'10',NULL,NULL,'Dependant',NULL,19,NULL,NULL);
INSERT INTO Concept (CONCEPT_ID,RES_DELETED,RES_CREATED,RES_MESSAGE_REF,RES_UPDATED,active,CODE,description,effectiveDate,DISPLAY,INDEX_STATUS,CODESYSTEM_ID,definitionStatusId,moduleId) VALUES (729,NULL,'2017-09-13 12:18:28.152000',NULL,NULL,NULL,'11',NULL,NULL,'Non-dependant',NULL,19,NULL,NULL);
INSERT INTO Concept (CONCEPT_ID,RES_DELETED,RES_CREATED,RES_MESSAGE_REF,RES_UPDATED,active,CODE,description,effectiveDate,DISPLAY,INDEX_STATUS,CODESYSTEM_ID,definitionStatusId,moduleId) VALUES (730,NULL,'2017-09-13 12:18:28.154000',NULL,NULL,NULL,'12',NULL,NULL,'Mother',NULL,19,NULL,NULL);
INSERT INTO Concept (CONCEPT_ID,RES_DELETED,RES_CREATED,RES_MESSAGE_REF,RES_UPDATED,active,CODE,description,effectiveDate,DISPLAY,INDEX_STATUS,CODESYSTEM_ID,definitionStatusId,moduleId) VALUES (731,NULL,'2017-09-13 12:18:28.158000',NULL,NULL,NULL,'13',NULL,NULL,'Father',NULL,19,NULL,NULL);
INSERT INTO Concept (CONCEPT_ID,RES_DELETED,RES_CREATED,RES_MESSAGE_REF,RES_UPDATED,active,CODE,description,effectiveDate,DISPLAY,INDEX_STATUS,CODESYSTEM_ID,definitionStatusId,moduleId) VALUES (732,NULL,'2017-09-13 12:18:28.161000',NULL,NULL,NULL,'14',NULL,NULL,'Sister',NULL,19,NULL,NULL);
INSERT INTO Concept (CONCEPT_ID,RES_DELETED,RES_CREATED,RES_MESSAGE_REF,RES_UPDATED,active,CODE,description,effectiveDate,DISPLAY,INDEX_STATUS,CODESYSTEM_ID,definitionStatusId,moduleId) VALUES (733,NULL,'2017-09-13 12:18:28.164000',NULL,NULL,NULL,'15',NULL,NULL,'Brother',NULL,19,NULL,NULL);
INSERT INTO Concept (CONCEPT_ID,RES_DELETED,RES_CREATED,RES_MESSAGE_REF,RES_UPDATED,active,CODE,description,effectiveDate,DISPLAY,INDEX_STATUS,CODESYSTEM_ID,definitionStatusId,moduleId) VALUES (734,NULL,'2017-09-13 12:18:28.166000',NULL,NULL,NULL,'16',NULL,NULL,'Relative',NULL,19,NULL,NULL);
INSERT INTO Concept (CONCEPT_ID,RES_DELETED,RES_CREATED,RES_MESSAGE_REF,RES_UPDATED,active,CODE,description,effectiveDate,DISPLAY,INDEX_STATUS,CODESYSTEM_ID,definitionStatusId,moduleId) VALUES (735,NULL,'2017-09-13 12:18:28.169000',NULL,NULL,NULL,'17',NULL,NULL,'Proxy - Contact',NULL,19,NULL,NULL);
INSERT INTO Concept (CONCEPT_ID,RES_DELETED,RES_CREATED,RES_MESSAGE_REF,RES_UPDATED,active,CODE,description,effectiveDate,DISPLAY,INDEX_STATUS,CODESYSTEM_ID,definitionStatusId,moduleId) VALUES (736,NULL,'2017-09-13 12:18:28.172000',NULL,NULL,NULL,'18',NULL,NULL,'Proxy - Communication',NULL,19,NULL,NULL);
INSERT INTO Concept (CONCEPT_ID,RES_DELETED,RES_CREATED,RES_MESSAGE_REF,RES_UPDATED,active,CODE,description,effectiveDate,DISPLAY,INDEX_STATUS,CODESYSTEM_ID,definitionStatusId,moduleId) VALUES (737,NULL,'2017-09-13 12:18:28.175000',NULL,NULL,NULL,'19',NULL,NULL,'Proxy - Contact and Communication',NULL,19,NULL,NULL);
INSERT INTO Concept (CONCEPT_ID,RES_DELETED,RES_CREATED,RES_MESSAGE_REF,RES_UPDATED,active,CODE,description,effectiveDate,DISPLAY,INDEX_STATUS,CODESYSTEM_ID,definitionStatusId,moduleId) VALUES (738,NULL,'2017-09-13 12:18:28.177000',NULL,NULL,NULL,'20',NULL,NULL,'Carer',NULL,19,NULL,NULL);
INSERT INTO Concept (CONCEPT_ID,RES_DELETED,RES_CREATED,RES_MESSAGE_REF,RES_UPDATED,active,CODE,description,effectiveDate,DISPLAY,INDEX_STATUS,CODESYSTEM_ID,definitionStatusId,moduleId) VALUES (739,NULL,'2017-09-13 12:18:28.180000',NULL,NULL,NULL,'21',NULL,NULL,'Self',NULL,19,NULL,NULL);
INSERT INTO Concept (CONCEPT_ID,RES_DELETED,RES_CREATED,RES_MESSAGE_REF,RES_UPDATED,active,CODE,description,effectiveDate,DISPLAY,INDEX_STATUS,CODESYSTEM_ID,definitionStatusId,moduleId) VALUES (740,NULL,'2017-09-13 12:18:28.183000',NULL,NULL,NULL,'98',NULL,NULL,'Not Known',NULL,19,NULL,NULL);
INSERT INTO Concept (CONCEPT_ID,RES_DELETED,RES_CREATED,RES_MESSAGE_REF,RES_UPDATED,active,CODE,description,effectiveDate,DISPLAY,INDEX_STATUS,CODESYSTEM_ID,definitionStatusId,moduleId) VALUES (741,NULL,'2017-09-13 12:18:28.185000',NULL,NULL,NULL,'99',NULL,NULL,'Not specified',NULL,19,NULL,NULL);
INSERT INTO Concept (CONCEPT_ID,RES_DELETED,RES_CREATED,RES_MESSAGE_REF,RES_UPDATED,active,CODE,description,effectiveDate,DISPLAY,INDEX_STATUS,CODESYSTEM_ID,definitionStatusId,moduleId) VALUES (742,NULL,'2017-09-13 12:18:28.187000',NULL,NULL,NULL,'22',NULL,NULL,'Wife',NULL,19,NULL,NULL);
INSERT INTO Concept (CONCEPT_ID,RES_DELETED,RES_CREATED,RES_MESSAGE_REF,RES_UPDATED,active,CODE,description,effectiveDate,DISPLAY,INDEX_STATUS,CODESYSTEM_ID,definitionStatusId,moduleId) VALUES (743,NULL,'2017-09-13 12:18:28.189000',NULL,NULL,NULL,'23',NULL,NULL,'Husband',NULL,19,NULL,NULL);
INSERT INTO Concept (CONCEPT_ID,RES_DELETED,RES_CREATED,RES_MESSAGE_REF,RES_UPDATED,active,CODE,description,effectiveDate,DISPLAY,INDEX_STATUS,CODESYSTEM_ID,definitionStatusId,moduleId) VALUES (744,NULL,'2017-09-13 12:18:28.194000',NULL,NULL,NULL,'24',NULL,NULL,'Maternal Grand-Father',NULL,19,NULL,NULL);
INSERT INTO Concept (CONCEPT_ID,RES_DELETED,RES_CREATED,RES_MESSAGE_REF,RES_UPDATED,active,CODE,description,effectiveDate,DISPLAY,INDEX_STATUS,CODESYSTEM_ID,definitionStatusId,moduleId) VALUES (745,NULL,'2017-09-13 12:18:28.197000',NULL,NULL,NULL,'25',NULL,NULL,'Maternal Grand-Mother',NULL,19,NULL,NULL);
INSERT INTO Concept (CONCEPT_ID,RES_DELETED,RES_CREATED,RES_MESSAGE_REF,RES_UPDATED,active,CODE,description,effectiveDate,DISPLAY,INDEX_STATUS,CODESYSTEM_ID,definitionStatusId,moduleId) VALUES (746,NULL,'2017-09-13 12:18:28.199000',NULL,NULL,NULL,'26',NULL,NULL,'Paternal Grand-Father',NULL,19,NULL,NULL);
INSERT INTO Concept (CONCEPT_ID,RES_DELETED,RES_CREATED,RES_MESSAGE_REF,RES_UPDATED,active,CODE,description,effectiveDate,DISPLAY,INDEX_STATUS,CODESYSTEM_ID,definitionStatusId,moduleId) VALUES (747,NULL,'2017-09-13 12:18:28.202000',NULL,NULL,NULL,'27',NULL,NULL,'Paternal Grand-Mother',NULL,19,NULL,NULL);
INSERT INTO Concept (CONCEPT_ID,RES_DELETED,RES_CREATED,RES_MESSAGE_REF,RES_UPDATED,active,CODE,description,effectiveDate,DISPLAY,INDEX_STATUS,CODESYSTEM_ID,definitionStatusId,moduleId) VALUES (748,NULL,'2017-09-13 12:18:28.205000',NULL,NULL,NULL,'28',NULL,NULL,'Grand-Son',NULL,19,NULL,NULL);
INSERT INTO Concept (CONCEPT_ID,RES_DELETED,RES_CREATED,RES_MESSAGE_REF,RES_UPDATED,active,CODE,description,effectiveDate,DISPLAY,INDEX_STATUS,CODESYSTEM_ID,definitionStatusId,moduleId) VALUES (749,NULL,'2017-09-13 12:18:28.207000',NULL,NULL,NULL,'29',NULL,NULL,'Grand-Daughter',NULL,19,NULL,NULL);
INSERT INTO Concept (CONCEPT_ID,RES_DELETED,RES_CREATED,RES_MESSAGE_REF,RES_UPDATED,active,CODE,description,effectiveDate,DISPLAY,INDEX_STATUS,CODESYSTEM_ID,definitionStatusId,moduleId) VALUES (750,NULL,'2017-09-13 12:18:28.209000',NULL,NULL,NULL,'30',NULL,NULL,'Aunt',NULL,19,NULL,NULL);
INSERT INTO Concept (CONCEPT_ID,RES_DELETED,RES_CREATED,RES_MESSAGE_REF,RES_UPDATED,active,CODE,description,effectiveDate,DISPLAY,INDEX_STATUS,CODESYSTEM_ID,definitionStatusId,moduleId) VALUES (751,NULL,'2017-09-13 12:18:28.212000',NULL,NULL,NULL,'31',NULL,NULL,'Uncle',NULL,19,NULL,NULL);
INSERT INTO Concept (CONCEPT_ID,RES_DELETED,RES_CREATED,RES_MESSAGE_REF,RES_UPDATED,active,CODE,description,effectiveDate,DISPLAY,INDEX_STATUS,CODESYSTEM_ID,definitionStatusId,moduleId) VALUES (752,NULL,'2017-09-13 12:18:28.214000',NULL,NULL,NULL,'32',NULL,NULL,'Niece',NULL,19,NULL,NULL);
INSERT INTO Concept (CONCEPT_ID,RES_DELETED,RES_CREATED,RES_MESSAGE_REF,RES_UPDATED,active,CODE,description,effectiveDate,DISPLAY,INDEX_STATUS,CODESYSTEM_ID,definitionStatusId,moduleId) VALUES (753,NULL,'2017-09-13 12:18:28.216000',NULL,NULL,NULL,'33',NULL,NULL,'Nephew',NULL,19,NULL,NULL);
INSERT INTO Concept (CONCEPT_ID,RES_DELETED,RES_CREATED,RES_MESSAGE_REF,RES_UPDATED,active,CODE,description,effectiveDate,DISPLAY,INDEX_STATUS,CODESYSTEM_ID,definitionStatusId,moduleId) VALUES (754,NULL,'2017-09-13 12:18:28.219000',NULL,NULL,NULL,'34',NULL,NULL,'Step-Mother',NULL,19,NULL,NULL);
INSERT INTO Concept (CONCEPT_ID,RES_DELETED,RES_CREATED,RES_MESSAGE_REF,RES_UPDATED,active,CODE,description,effectiveDate,DISPLAY,INDEX_STATUS,CODESYSTEM_ID,definitionStatusId,moduleId) VALUES (755,NULL,'2017-09-13 12:18:28.221000',NULL,NULL,NULL,'35',NULL,NULL,'Step-Father',NULL,19,NULL,NULL);
INSERT INTO Concept (CONCEPT_ID,RES_DELETED,RES_CREATED,RES_MESSAGE_REF,RES_UPDATED,active,CODE,description,effectiveDate,DISPLAY,INDEX_STATUS,CODESYSTEM_ID,definitionStatusId,moduleId) VALUES (756,NULL,'2017-09-13 12:18:28.223000',NULL,NULL,NULL,'36',NULL,NULL,'Step-Son',NULL,19,NULL,NULL);
INSERT INTO Concept (CONCEPT_ID,RES_DELETED,RES_CREATED,RES_MESSAGE_REF,RES_UPDATED,active,CODE,description,effectiveDate,DISPLAY,INDEX_STATUS,CODESYSTEM_ID,definitionStatusId,moduleId) VALUES (757,NULL,'2017-09-13 12:18:28.226000',NULL,NULL,NULL,'37',NULL,NULL,'Step-Daughter',NULL,19,NULL,NULL);
INSERT INTO Concept (CONCEPT_ID,RES_DELETED,RES_CREATED,RES_MESSAGE_REF,RES_UPDATED,active,CODE,description,effectiveDate,DISPLAY,INDEX_STATUS,CODESYSTEM_ID,definitionStatusId,moduleId) VALUES (758,NULL,'2017-09-13 12:18:28.228000',NULL,NULL,NULL,'38',NULL,NULL,'Civil Partner',NULL,19,NULL,NULL);
INSERT INTO Concept (CONCEPT_ID,RES_DELETED,RES_CREATED,RES_MESSAGE_REF,RES_UPDATED,active,CODE,description,effectiveDate,DISPLAY,INDEX_STATUS,CODESYSTEM_ID,definitionStatusId,moduleId) VALUES (759,NULL,'2017-09-13 12:18:28.230000',NULL,NULL,NULL,'39',NULL,NULL,'Ex-Wife',NULL,19,NULL,NULL);
INSERT INTO Concept (CONCEPT_ID,RES_DELETED,RES_CREATED,RES_MESSAGE_REF,RES_UPDATED,active,CODE,description,effectiveDate,DISPLAY,INDEX_STATUS,CODESYSTEM_ID,definitionStatusId,moduleId) VALUES (760,NULL,'2017-09-13 12:18:28.232000',NULL,NULL,NULL,'40',NULL,NULL,'Ex-Husband',NULL,19,NULL,NULL);
INSERT INTO Concept (CONCEPT_ID,RES_DELETED,RES_CREATED,RES_MESSAGE_REF,RES_UPDATED,active,CODE,description,effectiveDate,DISPLAY,INDEX_STATUS,CODESYSTEM_ID,definitionStatusId,moduleId) VALUES (761,NULL,'2017-09-13 12:18:28.234000',NULL,NULL,NULL,'41',NULL,NULL,'Ex-Civil Partner',NULL,19,NULL,NULL);
INSERT INTO Concept (CONCEPT_ID,RES_DELETED,RES_CREATED,RES_MESSAGE_REF,RES_UPDATED,active,CODE,description,effectiveDate,DISPLAY,INDEX_STATUS,CODESYSTEM_ID,definitionStatusId,moduleId) VALUES (762,NULL,'2017-09-13 12:18:28.236000',NULL,NULL,NULL,'42',NULL,NULL,'Son',NULL,19,NULL,NULL);
INSERT INTO Concept (CONCEPT_ID,RES_DELETED,RES_CREATED,RES_MESSAGE_REF,RES_UPDATED,active,CODE,description,effectiveDate,DISPLAY,INDEX_STATUS,CODESYSTEM_ID,definitionStatusId,moduleId) VALUES (763,NULL,'2017-09-13 12:18:28.238000',NULL,NULL,NULL,'43',NULL,NULL,'Daughter',NULL,19,NULL,NULL);
INSERT INTO Concept (CONCEPT_ID,RES_DELETED,RES_CREATED,RES_MESSAGE_REF,RES_UPDATED,active,CODE,description,effectiveDate,DISPLAY,INDEX_STATUS,CODESYSTEM_ID,definitionStatusId,moduleId) VALUES (764,NULL,'2017-09-13 12:18:28.240000',NULL,NULL,NULL,'44',NULL,NULL,'Grandparent',NULL,19,NULL,NULL);
INSERT INTO Concept (CONCEPT_ID,RES_DELETED,RES_CREATED,RES_MESSAGE_REF,RES_UPDATED,active,CODE,description,effectiveDate,DISPLAY,INDEX_STATUS,CODESYSTEM_ID,definitionStatusId,moduleId) VALUES (765,NULL,'2017-09-13 12:18:28.242000',NULL,NULL,NULL,'45',NULL,NULL,'Grandchild',NULL,19,NULL,NULL);
INSERT INTO Concept (CONCEPT_ID,RES_DELETED,RES_CREATED,RES_MESSAGE_REF,RES_UPDATED,active,CODE,description,effectiveDate,DISPLAY,INDEX_STATUS,CODESYSTEM_ID,definitionStatusId,moduleId) VALUES (766,NULL,'2017-09-13 12:18:28.244000',NULL,NULL,NULL,'46',NULL,NULL,'Friend',NULL,19,NULL,NULL);
INSERT INTO Concept (CONCEPT_ID,RES_DELETED,RES_CREATED,RES_MESSAGE_REF,RES_UPDATED,active,CODE,description,effectiveDate,DISPLAY,INDEX_STATUS,CODESYSTEM_ID,definitionStatusId,moduleId) VALUES (767,NULL,'2017-09-13 12:18:28.246000',NULL,NULL,NULL,'47',NULL,NULL,'Neighbour',NULL,19,NULL,NULL);
INSERT INTO Concept (CONCEPT_ID,RES_DELETED,RES_CREATED,RES_MESSAGE_REF,RES_UPDATED,active,CODE,description,effectiveDate,DISPLAY,INDEX_STATUS,CODESYSTEM_ID,definitionStatusId,moduleId) VALUES (768,NULL,'2017-09-13 12:18:28.248000',NULL,NULL,NULL,'48',NULL,NULL,'Work Colleague',NULL,19,NULL,NULL);
INSERT INTO Concept (CONCEPT_ID,RES_DELETED,RES_CREATED,RES_MESSAGE_REF,RES_UPDATED,active,CODE,description,effectiveDate,DISPLAY,INDEX_STATUS,CODESYSTEM_ID,definitionStatusId,moduleId) VALUES (769,NULL,'2017-09-13 12:18:28.250000',NULL,NULL,NULL,'49',NULL,NULL,'Person with Parental Responsibility',NULL,19,NULL,NULL);
INSERT INTO Concept (CONCEPT_ID,RES_DELETED,RES_CREATED,RES_MESSAGE_REF,RES_UPDATED,active,CODE,description,effectiveDate,DISPLAY,INDEX_STATUS,CODESYSTEM_ID,definitionStatusId,moduleId) VALUES (770,NULL,'2017-09-13 12:18:28.252000',NULL,NULL,NULL,'50',NULL,NULL,'Informal Partner',NULL,19,NULL,NULL);
INSERT INTO Concept (CONCEPT_ID,RES_DELETED,RES_CREATED,RES_MESSAGE_REF,RES_UPDATED,active,CODE,description,effectiveDate,DISPLAY,INDEX_STATUS,CODESYSTEM_ID,definitionStatusId,moduleId) VALUES (771,NULL,'2017-09-13 12:18:28.254000',NULL,NULL,NULL,'51',NULL,NULL,'Non-relative lived with for at least 5 years',NULL,19,NULL,NULL);
INSERT INTO Concept (CONCEPT_ID,RES_DELETED,RES_CREATED,RES_MESSAGE_REF,RES_UPDATED,active,CODE,description,effectiveDate,DISPLAY,INDEX_STATUS,CODESYSTEM_ID,definitionStatusId,moduleId) VALUES (772,NULL,'2017-09-13 12:19:27.578000',NULL,NULL,NULL,'A',NULL,NULL,'Active',NULL,20,NULL,NULL);
INSERT INTO Concept (CONCEPT_ID,RES_DELETED,RES_CREATED,RES_MESSAGE_REF,RES_UPDATED,active,CODE,description,effectiveDate,DISPLAY,INDEX_STATUS,CODESYSTEM_ID,definitionStatusId,moduleId) VALUES (773,NULL,'2017-09-13 12:19:27.581000',NULL,NULL,NULL,'D',NULL,NULL,'Deduction Pending',NULL,20,NULL,NULL);
INSERT INTO Concept (CONCEPT_ID,RES_DELETED,RES_CREATED,RES_MESSAGE_REF,RES_UPDATED,active,CODE,description,effectiveDate,DISPLAY,INDEX_STATUS,CODESYSTEM_ID,definitionStatusId,moduleId) VALUES (774,NULL,'2017-09-13 12:19:27.583000',NULL,NULL,NULL,'I',NULL,NULL,'Inactive',NULL,20,NULL,NULL);
INSERT INTO Concept (CONCEPT_ID,RES_DELETED,RES_CREATED,RES_MESSAGE_REF,RES_UPDATED,active,CODE,description,effectiveDate,DISPLAY,INDEX_STATUS,CODESYSTEM_ID,definitionStatusId,moduleId) VALUES (775,NULL,'2017-09-13 12:19:27.585000',NULL,NULL,NULL,'R',NULL,NULL,'Registration Pending',NULL,20,NULL,NULL);
INSERT INTO Concept (CONCEPT_ID,RES_DELETED,RES_CREATED,RES_MESSAGE_REF,RES_UPDATED,active,CODE,description,effectiveDate,DISPLAY,INDEX_STATUS,CODESYSTEM_ID,definitionStatusId,moduleId) VALUES (776,NULL,'2017-09-13 12:20:09.382000',NULL,NULL,NULL,'H',NULL,NULL,'UK Resident',NULL,21,NULL,NULL);
INSERT INTO Concept (CONCEPT_ID,RES_DELETED,RES_CREATED,RES_MESSAGE_REF,RES_UPDATED,active,CODE,description,effectiveDate,DISPLAY,INDEX_STATUS,CODESYSTEM_ID,definitionStatusId,moduleId) VALUES (777,NULL,'2017-09-13 12:20:09.384000',NULL,NULL,NULL,'O',NULL,NULL,'Overseas Resident',NULL,21,NULL,NULL);
INSERT INTO Concept (CONCEPT_ID,RES_DELETED,RES_CREATED,RES_MESSAGE_REF,RES_UPDATED,active,CODE,description,effectiveDate,DISPLAY,INDEX_STATUS,CODESYSTEM_ID,definitionStatusId,moduleId) VALUES (778,NULL,'2017-09-13 12:21:22.758000',NULL,NULL,NULL,'male',NULL,NULL,'Male',NULL,22,NULL,NULL);
INSERT INTO Concept (CONCEPT_ID,RES_DELETED,RES_CREATED,RES_MESSAGE_REF,RES_UPDATED,active,CODE,description,effectiveDate,DISPLAY,INDEX_STATUS,CODESYSTEM_ID,definitionStatusId,moduleId) VALUES (779,NULL,'2017-09-13 12:21:22.802000',NULL,NULL,NULL,'female',NULL,NULL,'Female',NULL,22,NULL,NULL);
INSERT INTO Concept (CONCEPT_ID,RES_DELETED,RES_CREATED,RES_MESSAGE_REF,RES_UPDATED,active,CODE,description,effectiveDate,DISPLAY,INDEX_STATUS,CODESYSTEM_ID,definitionStatusId,moduleId) VALUES (780,NULL,'2017-09-13 12:21:22.805000',NULL,NULL,NULL,'other',NULL,NULL,'Other',NULL,22,NULL,NULL);
INSERT INTO Concept (CONCEPT_ID,RES_DELETED,RES_CREATED,RES_MESSAGE_REF,RES_UPDATED,active,CODE,description,effectiveDate,DISPLAY,INDEX_STATUS,CODESYSTEM_ID,definitionStatusId,moduleId) VALUES (781,NULL,'2017-09-13 12:21:22.807000',NULL,NULL,NULL,'unknown',NULL,NULL,'Unknown',NULL,22,NULL,NULL);
INSERT INTO Concept (CONCEPT_ID,RES_DELETED,RES_CREATED,RES_MESSAGE_REF,RES_UPDATED,active,CODE,description,effectiveDate,DISPLAY,INDEX_STATUS,CODESYSTEM_ID,definitionStatusId,moduleId) VALUES (782,NULL,'2017-09-13 12:22:07.043000',NULL,NULL,NULL,'E',NULL,NULL,'Excellent',NULL,23,NULL,NULL);
INSERT INTO Concept (CONCEPT_ID,RES_DELETED,RES_CREATED,RES_MESSAGE_REF,RES_UPDATED,active,CODE,description,effectiveDate,DISPLAY,INDEX_STATUS,CODESYSTEM_ID,definitionStatusId,moduleId) VALUES (783,NULL,'2017-09-13 12:22:07.047000',NULL,NULL,NULL,'F',NULL,NULL,'Fair',NULL,23,NULL,NULL);
INSERT INTO Concept (CONCEPT_ID,RES_DELETED,RES_CREATED,RES_MESSAGE_REF,RES_UPDATED,active,CODE,description,effectiveDate,DISPLAY,INDEX_STATUS,CODESYSTEM_ID,definitionStatusId,moduleId) VALUES (784,NULL,'2017-09-13 12:22:07.049000',NULL,NULL,NULL,'G',NULL,NULL,'Good',NULL,23,NULL,NULL);
INSERT INTO Concept (CONCEPT_ID,RES_DELETED,RES_CREATED,RES_MESSAGE_REF,RES_UPDATED,active,CODE,description,effectiveDate,DISPLAY,INDEX_STATUS,CODESYSTEM_ID,definitionStatusId,moduleId) VALUES (785,NULL,'2017-09-13 12:22:07.053000',NULL,NULL,NULL,'P',NULL,NULL,'Poor',NULL,23,NULL,NULL);
INSERT INTO Concept (CONCEPT_ID,RES_DELETED,RES_CREATED,RES_MESSAGE_REF,RES_UPDATED,active,CODE,description,effectiveDate,DISPLAY,INDEX_STATUS,CODESYSTEM_ID,definitionStatusId,moduleId) VALUES (786,NULL,'2017-09-13 12:22:54.223000',NULL,NULL,NULL,'1',NULL,NULL,'Exempt from payment - subject to reciprocal health agreement',NULL,24,NULL,NULL);
INSERT INTO Concept (CONCEPT_ID,RES_DELETED,RES_CREATED,RES_MESSAGE_REF,RES_UPDATED,active,CODE,description,effectiveDate,DISPLAY,INDEX_STATUS,CODESYSTEM_ID,definitionStatusId,moduleId) VALUES (787,NULL,'2017-09-13 12:22:54.226000',NULL,NULL,NULL,'2',NULL,NULL,'Exempt from payment - other',NULL,24,NULL,NULL);
INSERT INTO Concept (CONCEPT_ID,RES_DELETED,RES_CREATED,RES_MESSAGE_REF,RES_UPDATED,active,CODE,description,effectiveDate,DISPLAY,INDEX_STATUS,CODESYSTEM_ID,definitionStatusId,moduleId) VALUES (788,NULL,'2017-09-13 12:22:54.227000',NULL,NULL,NULL,'3',NULL,NULL,'To pay hotel fees only',NULL,24,NULL,NULL);
INSERT INTO Concept (CONCEPT_ID,RES_DELETED,RES_CREATED,RES_MESSAGE_REF,RES_UPDATED,active,CODE,description,effectiveDate,DISPLAY,INDEX_STATUS,CODESYSTEM_ID,definitionStatusId,moduleId) VALUES (789,NULL,'2017-09-13 12:22:54.230000',NULL,NULL,NULL,'4',NULL,NULL,'To pay all fees',NULL,24,NULL,NULL);
INSERT INTO Concept (CONCEPT_ID,RES_DELETED,RES_CREATED,RES_MESSAGE_REF,RES_UPDATED,active,CODE,description,effectiveDate,DISPLAY,INDEX_STATUS,CODESYSTEM_ID,definitionStatusId,moduleId) VALUES (790,NULL,'2017-09-13 12:22:54.232000',NULL,NULL,NULL,'9',NULL,NULL,'Charging rate not known',NULL,24,NULL,NULL);
INSERT INTO Concept (CONCEPT_ID,RES_DELETED,RES_CREATED,RES_MESSAGE_REF,RES_UPDATED,active,CODE,description,effectiveDate,DISPLAY,INDEX_STATUS,CODESYSTEM_ID,definitionStatusId,moduleId) VALUES (791,NULL,'2017-09-13 12:22:54.235000',NULL,NULL,NULL,'8',NULL,NULL,'Not applicable',NULL,24,NULL,NULL);
INSERT INTO Concept (CONCEPT_ID,RES_DELETED,RES_CREATED,RES_MESSAGE_REF,RES_UPDATED,active,CODE,description,effectiveDate,DISPLAY,INDEX_STATUS,CODESYSTEM_ID,definitionStatusId,moduleId) VALUES (792,NULL,'2017-09-13 12:24:00.099000',NULL,NULL,NULL,'394823007',NULL,NULL,'NHS Prescription',NULL,9,NULL,NULL);
INSERT INTO Concept (CONCEPT_ID,RES_DELETED,RES_CREATED,RES_MESSAGE_REF,RES_UPDATED,active,CODE,description,effectiveDate,DISPLAY,INDEX_STATUS,CODESYSTEM_ID,definitionStatusId,moduleId) VALUES (793,NULL,'2017-09-13 12:24:00.101000',NULL,NULL,NULL,'394824001',NULL,NULL,'Private Prescription',NULL,9,NULL,NULL);
INSERT INTO Concept (CONCEPT_ID,RES_DELETED,RES_CREATED,RES_MESSAGE_REF,RES_UPDATED,active,CODE,description,effectiveDate,DISPLAY,INDEX_STATUS,CODESYSTEM_ID,definitionStatusId,moduleId) VALUES (794,NULL,'2017-09-13 12:24:00.103000',NULL,NULL,NULL,'394825000',NULL,NULL,'ACBS Prescription',NULL,9,NULL,NULL);
INSERT INTO Concept (CONCEPT_ID,RES_DELETED,RES_CREATED,RES_MESSAGE_REF,RES_UPDATED,active,CODE,description,effectiveDate,DISPLAY,INDEX_STATUS,CODESYSTEM_ID,definitionStatusId,moduleId) VALUES (795,NULL,'2017-09-13 12:24:00.104000',NULL,NULL,NULL,'394826004',NULL,NULL,'OTC sale',NULL,9,NULL,NULL);
INSERT INTO Concept (CONCEPT_ID,RES_DELETED,RES_CREATED,RES_MESSAGE_REF,RES_UPDATED,active,CODE,description,effectiveDate,DISPLAY,INDEX_STATUS,CODESYSTEM_ID,definitionStatusId,moduleId) VALUES (796,NULL,'2017-09-13 12:24:00.106000',NULL,NULL,NULL,'394827008',NULL,NULL,'Personal Administration',NULL,9,NULL,NULL);
INSERT INTO Concept (CONCEPT_ID,RES_DELETED,RES_CREATED,RES_MESSAGE_REF,RES_UPDATED,active,CODE,description,effectiveDate,DISPLAY,INDEX_STATUS,CODESYSTEM_ID,definitionStatusId,moduleId) VALUES (797,NULL,'2017-09-13 12:27:48.186000',NULL,NULL,NULL,'S',NULL,NULL,'Single',NULL,25,NULL,NULL);
INSERT INTO Concept (CONCEPT_ID,RES_DELETED,RES_CREATED,RES_MESSAGE_REF,RES_UPDATED,active,CODE,description,effectiveDate,DISPLAY,INDEX_STATUS,CODESYSTEM_ID,definitionStatusId,moduleId) VALUES (798,NULL,'2017-09-13 12:27:48.188000',NULL,NULL,NULL,'M',NULL,NULL,'Married/Civil Partner',NULL,25,NULL,NULL);
INSERT INTO Concept (CONCEPT_ID,RES_DELETED,RES_CREATED,RES_MESSAGE_REF,RES_UPDATED,active,CODE,description,effectiveDate,DISPLAY,INDEX_STATUS,CODESYSTEM_ID,definitionStatusId,moduleId) VALUES (799,NULL,'2017-09-13 12:27:48.190000',NULL,NULL,NULL,'D',NULL,NULL,'Divorced/Person whose Civil Partnership has been dissolved',NULL,25,NULL,NULL);
INSERT INTO Concept (CONCEPT_ID,RES_DELETED,RES_CREATED,RES_MESSAGE_REF,RES_UPDATED,active,CODE,description,effectiveDate,DISPLAY,INDEX_STATUS,CODESYSTEM_ID,definitionStatusId,moduleId) VALUES (800,NULL,'2017-09-13 12:27:48.192000',NULL,NULL,NULL,'W',NULL,NULL,'Widowed/Surviving Civil Partner',NULL,25,NULL,NULL);
INSERT INTO Concept (CONCEPT_ID,RES_DELETED,RES_CREATED,RES_MESSAGE_REF,RES_UPDATED,active,CODE,description,effectiveDate,DISPLAY,INDEX_STATUS,CODESYSTEM_ID,definitionStatusId,moduleId) VALUES (801,NULL,'2017-09-13 12:27:48.312000',NULL,NULL,NULL,'P',NULL,NULL,'Separated',NULL,25,NULL,NULL);
INSERT INTO Concept (CONCEPT_ID,RES_DELETED,RES_CREATED,RES_MESSAGE_REF,RES_UPDATED,active,CODE,description,effectiveDate,DISPLAY,INDEX_STATUS,CODESYSTEM_ID,definitionStatusId,moduleId) VALUES (802,NULL,'2017-09-13 12:27:48.390000',NULL,NULL,NULL,'N',NULL,NULL,'Not disclosed',NULL,25,NULL,NULL);
INSERT INTO Concept (CONCEPT_ID,RES_DELETED,RES_CREATED,RES_MESSAGE_REF,RES_UPDATED,active,CODE,description,effectiveDate,DISPLAY,INDEX_STATUS,CODESYSTEM_ID,definitionStatusId,moduleId) VALUES (803,NULL,'2017-09-13 12:28:39.829000',NULL,NULL,NULL,'combined',NULL,NULL,'Combined',NULL,26,NULL,NULL);
INSERT INTO Concept (CONCEPT_ID,RES_DELETED,RES_CREATED,RES_MESSAGE_REF,RES_UPDATED,active,CODE,description,effectiveDate,DISPLAY,INDEX_STATUS,CODESYSTEM_ID,definitionStatusId,moduleId) VALUES (804,NULL,'2017-09-13 12:28:39.881000',NULL,NULL,NULL,'grouped',NULL,NULL,'Grouped',NULL,26,NULL,NULL);
INSERT INTO Concept (CONCEPT_ID,RES_DELETED,RES_CREATED,RES_MESSAGE_REF,RES_UPDATED,active,CODE,description,effectiveDate,DISPLAY,INDEX_STATUS,CODESYSTEM_ID,definitionStatusId,moduleId) VALUES (805,NULL,'2017-09-13 12:28:39.899000',NULL,NULL,NULL,'replaces',NULL,NULL,'Replaces',NULL,26,NULL,NULL);
INSERT INTO Concept (CONCEPT_ID,RES_DELETED,RES_CREATED,RES_MESSAGE_REF,RES_UPDATED,active,CODE,description,effectiveDate,DISPLAY,INDEX_STATUS,CODESYSTEM_ID,definitionStatusId,moduleId) VALUES (806,NULL,'2017-09-13 12:28:39.901000',NULL,NULL,NULL,'evolved-from',NULL,NULL,'Evolved From',NULL,26,NULL,NULL);
INSERT INTO Concept (CONCEPT_ID,RES_DELETED,RES_CREATED,RES_MESSAGE_REF,RES_UPDATED,active,CODE,description,effectiveDate,DISPLAY,INDEX_STATUS,CODESYSTEM_ID,definitionStatusId,moduleId) VALUES (807,NULL,'2017-09-13 12:28:39.903000',NULL,NULL,NULL,'onset',NULL,NULL,'Onset',NULL,26,NULL,NULL);
INSERT INTO Concept (CONCEPT_ID,RES_DELETED,RES_CREATED,RES_MESSAGE_REF,RES_UPDATED,active,CODE,description,effectiveDate,DISPLAY,INDEX_STATUS,CODESYSTEM_ID,definitionStatusId,moduleId) VALUES (808,NULL,'2017-09-13 12:29:53.096000',NULL,NULL,NULL,'active',NULL,NULL,'Active',NULL,27,NULL,NULL);
INSERT INTO Concept (CONCEPT_ID,RES_DELETED,RES_CREATED,RES_MESSAGE_REF,RES_UPDATED,active,CODE,description,effectiveDate,DISPLAY,INDEX_STATUS,CODESYSTEM_ID,definitionStatusId,moduleId) VALUES (809,NULL,'2017-09-13 12:29:53.098000',NULL,NULL,NULL,'inactive',NULL,NULL,'Inactive',NULL,27,NULL,NULL);
INSERT INTO Concept (CONCEPT_ID,RES_DELETED,RES_CREATED,RES_MESSAGE_REF,RES_UPDATED,active,CODE,description,effectiveDate,DISPLAY,INDEX_STATUS,CODESYSTEM_ID,definitionStatusId,moduleId) VALUES (810,NULL,'2017-09-13 12:29:53.100000',NULL,NULL,NULL,'relapse',NULL,NULL,'Relapse',NULL,27,NULL,NULL);
INSERT INTO Concept (CONCEPT_ID,RES_DELETED,RES_CREATED,RES_MESSAGE_REF,RES_UPDATED,active,CODE,description,effectiveDate,DISPLAY,INDEX_STATUS,CODESYSTEM_ID,definitionStatusId,moduleId) VALUES (811,NULL,'2017-09-13 12:29:53.101000',NULL,NULL,NULL,'remission',NULL,NULL,'Remission',NULL,27,NULL,NULL);
INSERT INTO Concept (CONCEPT_ID,RES_DELETED,RES_CREATED,RES_MESSAGE_REF,RES_UPDATED,active,CODE,description,effectiveDate,DISPLAY,INDEX_STATUS,CODESYSTEM_ID,definitionStatusId,moduleId) VALUES (812,NULL,'2017-09-13 12:29:53.103000',NULL,NULL,NULL,'resolved',NULL,NULL,'Resolved',NULL,27,NULL,NULL);

INSERT INTO ValueSetIncludeConcept (VALUESET_INCLUDE_CONCEPT_ID,VALUESET_INCLUDE_ID,CONCEPT_ID) VALUES (5,2,2);
INSERT INTO ValueSetIncludeConcept (VALUESET_INCLUDE_CONCEPT_ID,VALUESET_INCLUDE_ID,CONCEPT_ID) VALUES (6,2,4);
INSERT INTO ValueSetIncludeConcept (VALUESET_INCLUDE_CONCEPT_ID,VALUESET_INCLUDE_ID,CONCEPT_ID) VALUES (7,2,5);
INSERT INTO ValueSetIncludeConcept (VALUESET_INCLUDE_CONCEPT_ID,VALUESET_INCLUDE_ID,CONCEPT_ID) VALUES (8,2,7);
INSERT INTO ValueSetIncludeConcept (VALUESET_INCLUDE_CONCEPT_ID,VALUESET_INCLUDE_ID,CONCEPT_ID) VALUES (9,2,10);
INSERT INTO ValueSetIncludeConcept (VALUESET_INCLUDE_CONCEPT_ID,VALUESET_INCLUDE_ID,CONCEPT_ID) VALUES (10,3,718);
